Monkey,Day,Amp2,Width2,Freq2,Dur2,Active_Channels,Return_Channels,Freq1,Dur1,Dimension,Fixed_Param_Value,Date,Threshold,width,lambda,gamma,beta,location_CI_95,width_CI_95,lambda_CI_95,gamma_CI_95,beta_CI_95,location_CI_5,width_CI_5,lambda_CI_5,gamma_CI_5,beta_CI_5,Experiment Type,Reference Amplitude (μA),Reference Pulse Width (μs),Reference Charge (nC),Amplitude (μA),Pulse Width (μs),Threshold_Charge_nC,Difference Threshold (nC),Weber_Fraction
U,287,300,200,50,200,15,128,50,200,Amp,200,4/7/2017,568.8777172,222.5018545,7.74E-10,0.091720657,1.31E-13,534.3030299,142.0025237,0.001365712,0.037701383,0.002204352,588.8812445,345.9019768,0.137039072,0.165300068,0.216072094,Discrimination,300,200,60,568.8777172,200,113.7755434,53.77554344,0.896259057
U,290,480,200,50,500,15,128,50,500,Amp,200,4/10/2017,482.3875976,59.64114738,0.215566082,2.07E-10,4.08E-11,466.8745355,30.80637032,0.033091291,0.002703178,0.001970914,502.5693582,173.1869891,0.295176317,0.311385657,0.199988731,Discrimination,480,200,96,482.3875976,200,96.47751952,0.477519519,0.004974162
U,291,500,200,50,500,15,128,50,500,Amp,200,4/11/2017,625.6972087,360.3994125,1.02E-07,2.82E-06,4.42E-05,502.0627638,182.8443106,0.000638129,0.002551951,0.002534347,717.8407751,928.9469727,0.088007546,0.269812339,0.306327401,Discrimination,500,200,100,625.6972087,200,125.1394417,25.13944174,0.251394417
U,293,500,200,50,500,15,128,50,500,Amp,200,4/13/2017,527.5175468,294.93615,0.013718895,1.25E-13,5.99E-06,466.3331163,173.0874658,0.001918494,0.002461831,0.002109215,570.2611482,513.8785729,0.077406625,0.29337071,0.224463056,Discrimination,500,200,100,527.5175468,200,105.5035094,5.50350937,0.055035094
U,294,400,200,50,500,15,128,50,500,Amp,200,4/14/2017,495.6916328,222.3590236,8.68E-14,4.20E-05,2.09E-10,464.4162887,70.13075273,0.00066922,0.004224161,0.002274111,548.4971302,370.001074,0.087204772,0.294328656,0.253691917,Discrimination,400,200,80,495.6916328,200,99.13832657,19.13832657,0.239229082
U,294,580,200,50,500,15,128,50,500,Amp,200,4/14/2017,625.0249218,65.64134117,1.26E-08,3.33E-07,6.33E-05,606.4051954,44.9525641,0.000591597,0.001619287,0.002643903,644.819927,164.477975,0.08019426,0.198395646,0.328622913,Discrimination,580,200,116,625.0249218,200,125.0049844,9.004984351,0.077629175
U,294,670,200,50,500,15,128,50,500,Amp,200,4/14/2017,709.7192213,125.4703918,0.029932178,1.01E-05,2.41E-13,663.8625946,58.97472373,0.004006058,0.00255908,0.002318546,743.7516407,373.400187,0.150750655,0.277810514,0.267716527,Discrimination,670,200,134,709.7192213,200,141.9438443,7.943844268,0.05928242
U,299,300,200,50,500,15,16,50,500,Amp,200,4/19/2017,349.6110365,129.378234,9.61E-08,1.37E-06,6.70E-13,313.3510071,57.79004617,0.000887005,0.002614166,0.002677399,380.3344315,290.9120484,0.11394815,0.258283035,0.321870525,Discrimination,300,200,60,349.6110365,200,69.9222073,9.922207302,0.165370122
U,299,420,200,50,500,15,16,50,500,Amp,200,4/19/2017,442.7029639,237.7638059,0.018141794,5.24E-07,3.35E-05,406.1042144,114.1034344,0.002194091,0.002285977,0.00260679,469.5197373,405.9766562,0.147096964,0.272850271,0.244763274,Discrimination,420,200,84,442.7029639,200,88.54059279,4.540592788,0.054054676
U,306,300,200,50,500,15,128,50,500,Amp,200,4/26/2017,375.1812766,55.57222548,3.05E-09,9.88E-09,0.000222501,334.4074393,40.7624425,0.001278367,0.001674184,0.002646686,413.7170763,303.0112333,0.168563814,0.217258115,0.336019324,Discrimination,300,200,60,375.1812766,200,75.03625531,15.03625531,0.250604255
U,306,500,200,50,500,15,128,50,500,Amp,200,4/26/2017,585.8637719,231.0870773,4.89E-14,6.84E-07,4.50E-13,498.7142623,73.64452913,0.002449393,0.002905577,0.002475639,706.5706825,508.6682951,0.293221377,0.308258146,0.296724203,Discrimination,500,200,100,585.8637719,200,117.1727544,17.17275438,0.171727544
U,308,70,200,50,500,15,16,50,500,Amp,200,4/28/2017,225.4864789,43.83951872,1.20E-08,3.20E-09,0.000104319,210.7467968,37.4077636,0.000527703,0.000798014,0.00453078,239.9050852,100.1116014,0.075777324,0.112841946,0.540259599,Discrimination,70,200,14,225.4864789,200,45.09729577,31.09729577,2.221235412
U,308,140,200,50,500,15,16,50,500,Amp,200,4/28/2017,233.5492597,19.99291265,0.065330201,6.46E-07,9.31E-08,216.8523351,16.14642519,0.016216954,0.00073809,0.002404962,246.2527166,128.4043731,0.178617875,0.101710369,0.291951924,Discrimination,140,200,28,233.5492597,200,46.70985195,18.70985195,0.668208998
U,312,300,200,50,500,15,128,50,500,Amp,200,5/2/2017,368.2751824,118.5112068,7.44E-09,1.05E-05,0.000127774,357.0743237,65.98746038,0.000262539,0.003015233,0.002232107,390.2879874,168.0865326,0.03653526,0.248174907,0.263299126,Discrimination,300,200,60,368.2751824,200,73.65503647,13.65503647,0.227583941
U,313,400,200,50,500,15,128,50,500,Amp,200,5/3/2017,440.6752978,117.7795984,0.000121023,0.009681899,2.20E-12,419.6560015,48.27110922,0.002372939,0.007638343,0.002207367,454.1628916,180.7023839,0.163108181,0.060100113,0.262531765,Discrimination,400,200,80,440.6752978,200,88.13505956,8.135059557,0.101688244
U,313,600,200,50,500,15,128,50,500,Amp,200,5/3/2017,680.6811583,173.8951188,1.13E-12,8.60E-07,5.42E-13,649.7571668,90.52577007,0.001179165,0.001895209,0.002293005,709.7791784,309.600503,0.136523719,0.22447588,0.262993867,Discrimination,600,200,120,680.6811583,200,136.1362317,16.13623166,0.134468597
U,313,610,200,50,500,15,128,50,500,Amp,200,5/3/2017,524.7784921,303.2898663,1.04E-15,1.89E-05,8.21E-08,346.4904158,60.98682985,0.003648756,0.00279586,0.002526454,653.5073885,548.0506038,0.327884017,0.311664625,0.308961877,Discrimination,610,200,122,524.7784921,200,104.9556984,-17.04430158,-0.13970739
U,320,400,200,50,500,15,128,50,500,Amp,200,5/10/2017,613.4274133,186.7243221,2.80E-05,3.74E-15,2.18E-11,516.1332537,60.99795732,0.00294232,0.001722587,0.002550859,680.2466081,484.4367307,0.337494354,0.210765126,0.311240698,Discrimination,400,200,80,613.4274133,200,122.6854827,42.68548266,0.533568533
U,320,600,200,50,500,15,128,50,500,Amp,200,5/10/2017,642.3270176,95.95329261,0.063963281,1.34E-09,2.19E-13,606.1588606,39.51342367,0.026912916,0.002266531,0.002017367,667.2044054,363.6347987,0.122711878,0.247842309,0.21655406,Discrimination,600,200,120,642.3270176,200,128.4654035,8.465403523,0.070545029
U,326,400,200,50,500,15,64,50,500,Amp,200,5/16/2017,526.2031633,295.6034284,2.84E-07,2.85E-06,3.39E-05,477.1469663,92.3906847,0.002165033,0.003522203,0.00242063,594.0638405,497.866145,0.254720534,0.283730964,0.277929665,Discrimination,400,200,80,526.2031633,200,105.2406327,25.24063267,0.315507908
U,326,600,200,50,500,15,64,50,500,Amp,200,5/16/2017,711.7072258,117.770043,0.109605283,0.078793018,1.05E-13,682.7927984,58.72490044,0.005330637,0.003721624,0.002187363,745.2185088,369.3680932,0.239973257,0.209500622,0.23900399,Discrimination,600,200,120,711.7072258,200,142.3414452,22.34144517,0.18617871
U,326,800,200,50,500,15,64,50,500,Amp,200,5/16/2017,843.3083742,521.7785933,5.64E-08,1.73E-06,1.84E-06,611.6957047,182.2319491,0.002828471,0.002557416,0.00249823,939.0442487,1014.757046,0.299850656,0.313691285,0.285332313,Discrimination,800,200,160,843.3083742,200,168.6616748,8.661674848,0.054135468
U,357,200,100,50,500,15,128,50,500,Amp,200,6/16/2017,208.7875766,17.78132553,3.56E-09,6.65E-06,0.000228252,201.4871253,12.82597064,0.000529919,0.001701452,0.002849829,214.4647234,58.05325066,0.073393808,0.219179221,0.370644757,Discrimination,200,100,20,208.7875766,200,41.75751531,21.75751531,1.087875766
U,375,400,100,50,500,15,16,50,500,Amp,200,7/4/2017,418.6420585,39.0113331,0.053013229,4.59E-10,7.76E-11,359.4924995,34.16400905,0.010003534,0.002601807,0.002484445,461.5693705,326.1566918,0.262383076,0.31538316,0.298876364,Discrimination,400,100,40,418.6420585,200,83.7284117,43.7284117,1.093210292
U,615,500,200,50,200,15,128,50,200,Amp,200,3/1/2018,800.3486597,464.7632948,1.79E-16,0.046769704,1.81E-12,710.7941497,164.3551396,0.002059146,0.004325329,0.002583415,863.0805039,796.4223543,0.195783267,0.195350283,0.288862094,Discrimination,500,200,100,800.3486597,200,160.0697319,60.06973194,0.600697319
U,615,1000,200,50,200,15,128,50,200,Amp,200,3/1/2018,1161.2152,277.9028167,3.42E-13,0.080991421,2.51E-09,1106.933673,115.6820797,0.000625658,0.020607673,0.002674188,1225.203092,511.2137041,0.085229137,0.228976994,0.315395172,Discrimination,1000,200,200,1161.2152,200,232.24304,32.24303995,0.1612152
U,640,500,200,50,200,15,128,50,200,Amp,200,3/26/2018,771.7948718,821.5384615,0,0,0,130.0131831,136.3060463,0.004137973,0.002449704,0.002526454,1053.340452,1659.034564,0.331921632,0.296500734,0.308961877,Discrimination,500,200,100,771.7948718,200,154.3589744,54.35897436,0.543589744
U,641,400,200,50,200,15,128,50,200,Amp,200,3/27/2018,467.0581458,408.6292717,1.70E-06,9.23E-13,7.11E-12,410.5519095,121.2192245,0.001589821,0.002698781,0.004030189,519.0492957,602.396297,0.093990965,0.283110546,0.330963414,Discrimination,400,200,80,467.0581458,200,93.41162915,13.41162915,0.167645364
U,649,500,200,50,200,15,128,50,200,Amp,200,4/4/2018,627.6678015,293.4866832,3.09E-13,9.34E-05,1.54E-11,588.3317331,165.2023016,0.000673632,0.0020872,0.002267766,676.2763042,458.302103,0.088609106,0.206658636,0.25892766,Discrimination,500,200,100,627.6678015,200,125.5335603,25.5335603,0.255335603
U,649,800,200,50,200,15,128,50,200,Amp,200,4/4/2018,943.377207,206.3386853,1.03E-07,4.74E-07,4.70E-05,893.7730229,98.38323286,0.00108133,0.001282468,0.002704382,986.0978093,417.6373683,0.123995815,0.167642388,0.332523812,Discrimination,800,200,160,943.377207,200,188.6754414,28.67544141,0.179221509
U,649,1100,200,50,200,15,128,50,200,Amp,200,4/4/2018,1230.468032,179.2171436,1.89E-08,5.76E-08,0.000175202,1090.504717,99.4709711,0.001987298,0.001808348,0.002535787,1369.399211,1242.018104,0.238665885,0.231857011,0.308805649,Discrimination,1100,200,220,1230.468032,200,246.0936064,26.09360645,0.118607302
U,650,500,200,50,200,15,128,50,200,Amp,200,4/5/2018,577.4410539,282.777773,3.50E-13,9.21E-06,1.06E-12,536.3602812,144.237277,0.000423876,0.003070128,0.002597523,634.7938207,460.4052103,0.058722499,0.286759299,0.299309306,Discrimination,500,200,100,577.4410539,200,115.4882108,15.48821078,0.154882108
U,650,800,200,50,200,15,128,50,200,Amp,200,4/5/2018,895.3579919,288.2561518,9.22E-12,2.27E-12,2.65E-13,783.8692382,104.757209,0.001319009,0.002269432,0.0026101,968.7404404,793.8173411,0.164626052,0.276002854,0.315948934,Discrimination,800,200,160,895.3579919,200,179.0715984,19.07159839,0.11919749
U,651,800,200,50,200,15,128,50,200,Amp,200,4/6/2018,944.1975084,301.12687,5.05E-12,2.42E-09,4.25E-11,906.8541468,144.74368,0.000708335,0.002878535,0.002268714,1004.347325,466.8932045,0.093684094,0.229487649,0.258561089,Discrimination,800,200,160,944.1975084,200,188.8395017,28.83950169,0.180246886
U,651,1000,200,50,200,15,128,50,200,Amp,200,4/6/2018,1187.819005,212.3286954,1.30E-09,0.000285652,0.000139721,1156.333995,95.35872755,0.000267224,0.001447039,0.002416303,1227.703512,320.1472609,0.034380977,0.139399395,0.28669994,Discrimination,1000,200,200,1187.819005,200,237.563801,37.56380099,0.187819005
U,651,1300,200,50,200,15,128,50,200,Amp,200,4/6/2018,1377.887773,153.1230108,5.06E-09,7.37E-06,0.000327792,-128.2090627,168.1523444,0.001610255,0.002413211,0.002648494,1478.837853,3793.152741,0.208129162,0.297092735,0.332521511,Discrimination,1300,200,260,1377.887773,200,275.5775546,15.57755456,0.059913671
U,656,800,200,50,200,15,128,50,200,Amp,200,4/11/2018,950.8061374,333.2332978,6.23E-13,8.10E-05,5.27E-12,906.007495,162.2787918,0.000663085,0.002421755,0.002197506,1009.899205,527.5934204,0.078356484,0.21456666,0.251618858,Discrimination,800,200,160,950.8061374,200,190.1612275,30.16122749,0.188507672
U,656,1100,200,50,200,15,128,50,200,Amp,200,4/11/2018,1301.645871,244.4371416,2.07E-10,8.70E-10,2.91E-09,1261.971283,151.9227034,0.00063353,0.000871043,0.002879817,1343.026654,399.7499425,0.080868035,0.117963534,0.343596202,Discrimination,1100,200,220,1301.645871,200,260.3291741,40.32917412,0.183314428
U,657,1100,200,50,200,15,128,50,200,Amp,200,4/12/2018,1322.265665,297.384496,3.02E-11,0.000103528,2.50E-13,1288.925441,145.2631151,0.000550119,0.002024104,0.002465463,1376.432292,427.6212905,0.074553874,0.159358165,0.287165026,Discrimination,1100,200,220,1322.265665,200,264.453133,44.453133,0.202059695
U,657,1400,200,50,200,15,128,50,200,Amp,200,4/12/2018,1665.015932,187.7141286,4.98E-14,0.116738894,1.65E-11,1556.797149,145.2125664,0.000711512,0.005172794,0.002428944,1713.085793,696.6759546,0.095972149,0.255728876,0.286155602,Discrimination,1400,200,280,1665.015932,200,333.0031863,53.00318631,0.189297094
U,657,1600,200,50,200,15,128,50,200,Amp,200,4/12/2018,1781.832388,515.4047132,1.02E-14,8.88E-13,3.51E-06,1677.97573,183.0551732,0.001666172,0.002507038,0.002514148,1869.694469,924.0622106,0.156632329,0.247511545,0.290779382,Discrimination,1600,200,320,1781.832388,200,356.3664776,36.3664776,0.113645243
U,675,300,200,50,200,15,240,50,200,Amp,200,4/30/2018,261.0939574,392.8016531,0.041627417,8.62E-13,4.34E-15,-94.25934252,153.6576978,0.004925812,0.002509392,0.002538853,372.9210562,1506.204599,0.213916225,0.306141934,0.30526795,Discrimination,300,200,60,261.0939574,200,52.21879147,-7.781208526,-0.129686809
U,676,500,200,50,200,15,240,50,200,Amp,200,5/1/2018,664.3212495,265.2243589,1.10E-08,3.27E-09,0.000257229,615.4091896,134.3150598,0.000971561,0.001854125,0.002399935,721.5681226,507.24782,0.127248965,0.204957312,0.280074215,Discrimination,500,200,100,664.3212495,200,132.8642499,32.8642499,0.328642499
U,676,1000,200,50,200,15,240,50,200,Amp,200,5/1/2018,1074.161881,375.2398189,8.20E-07,9.19E-07,6.90E-10,958.7284083,171.8986386,0.000898109,0.002858858,0.00241885,1164.332974,819.0555442,0.119009637,0.326741762,0.282112547,Discrimination,1000,200,200,1074.161881,200,214.8323762,14.83237624,0.074161881
U,677,400,200,50,200,15,240,50,200,Amp,200,5/2/2018,513.7310874,244.2017101,0.019971273,2.21E-13,1.04E-13,475.5080376,100.5482312,0.004815229,0.003496895,0.002415436,572.3625507,469.2892726,0.111913151,0.25663086,0.2797904,Discrimination,400,200,80,513.7310874,200,102.7462175,22.74621749,0.284327719
U,678,400,200,50,200,15,240,50,200,Amp,200,5/3/2018,499.4814225,390.9648363,2.34E-13,7.19E-14,1.27E-05,295.1554688,71.3399269,0.002532805,0.002704015,0.002578436,736.9086514,1004.875377,0.270326145,0.323440942,0.318700093,Discrimination,400,200,80,499.4814225,200,99.8962845,19.8962845,0.248703556
U,678,500,200,50,200,15,240,50,200,Amp,200,5/3/2018,634.6137131,446.1681338,1.94E-07,1.55E-06,7.73E-05,581.0726974,188.1555993,0.001192242,0.003131281,0.002016714,714.5401696,686.6656036,0.120017309,0.283625697,0.221505004,Discrimination,500,200,100,634.6137131,200,126.9227426,26.92274261,0.269227426
U,678,800,200,50,200,15,240,50,200,Amp,200,5/3/2018,944.1530417,199.3397973,5.71E-14,0.052160508,2.92E-13,897.4463427,60.63807083,0.000614549,0.005279044,0.003373874,977.6815147,396.2037009,0.068716941,0.200940917,0.370123939,Discrimination,800,200,160,944.1530417,200,188.8306083,28.83060833,0.180191302
U,679,400,200,50,200,15,240,50,200,Amp,200,5/4/2018,531.6455827,260.5738495,2.72E-06,5.31E-08,4.91E-13,494.9429394,141.510553,0.000682575,0.001449839,0.002995462,571.0060228,398.7267331,0.087409292,0.173729858,0.332934605,Discrimination,400,200,80,531.6455827,200,106.3291165,26.32911654,0.329113957
U,679,800,200,50,200,15,240,50,200,Amp,200,5/4/2018,920.9815066,117.613118,3.55E-08,0.158839747,4.70E-05,879.3010551,88.09365293,0.000239735,0.015635648,0.002605316,940.3617715,278.6581183,0.033789354,0.270035935,0.310315898,Discrimination,800,200,160,920.9815066,200,184.1963013,24.19630133,0.151226883
U,686,300,200,50,200,15,128,50,200,Amp,200,5/11/2018,432.6580985,111.0537498,0.016892912,4.43E-09,0.000258614,408.4603795,77.57366509,0.008956122,0.000839606,0.002600117,460.3597529,239.0062663,0.094064187,0.112552923,0.323279785,Discrimination,300,200,60,432.6580985,200,86.5316197,26.5316197,0.442193662
U,686,700,200,50,200,15,128,50,200,Amp,200,5/11/2018,805.0499516,129.3063032,1.40E-14,0.09447451,6.87E-13,757.5846941,91.62555414,0.000411897,0.00442677,0.002563202,833.6460137,337.5141132,0.057664629,0.258163681,0.311954688,Discrimination,700,200,140,805.0499516,200,161.0099903,21.00999032,0.150071359
U,686,1000,200,50,200,15,128,50,200,Amp,200,5/11/2018,1072.657436,205.3158981,2.51E-06,2.38E-14,6.36E-14,914.5631996,113.8805765,0.001443049,0.002485011,0.002515275,1166.856309,883.9520566,0.181639498,0.298646397,0.305155683,Discrimination,1000,200,200,1072.657436,200,214.5314873,14.53148727,0.072657436
Y,378,150,200,50,200,15,128,50,200,Amp,200,3/24/2017,166.5830491,45.73754736,4.98E-10,1.44E-08,0.000453457,162.7908757,31.99739077,0.000328281,0.001269341,0.003236146,171.6760234,65.02884381,0.044671025,0.158228652,0.301370054,Discrimination,150,200,30,166.5830491,200,33.31660981,3.316609812,0.11055366
Y,381,150,200,50,200,15,128,50,200,Amp,200,3/27/2017,165.6288184,38.66929226,1.67E-11,1.48E-08,1.77E-07,161.3471869,22.44942981,0.000744714,0.001652831,0.003306481,170.8406144,58.15431944,0.087498995,0.181729418,0.319122813,Discrimination,150,200,30,165.6288184,200,33.12576367,3.125763673,0.104192122
Y,381,180,200,50,200,15,128,50,200,Amp,200,3/27/2017,192.4274166,28.83767199,0.01881458,6.74E-06,2.92E-12,187.0573219,15.77197538,0.005595322,0.002153055,0.002285869,198.7482624,63.15116374,0.090925854,0.212529197,0.27212881,Discrimination,180,200,36,192.4274166,200,38.48548332,2.485483323,0.069041203
Y,381,200,200,50,200,15,128,50,200,Amp,200,3/27/2017,207.6444717,35.170501,0.008590128,2.56E-12,6.24E-11,200.5822609,14.95312373,0.007663989,0.003881634,0.003035026,216.2295076,67.6831995,0.061241667,0.332969667,0.339498255,Discrimination,200,200,40,207.6444717,200,41.52889434,1.528894337,0.038222358
Y,382,200,200,50,200,15,128,50,200,Amp,200,3/28/2017,211.8410265,50.01049614,9.13E-12,1.04E-07,3.52E-11,206.1128436,29.28742151,0.000402211,0.002525626,0.002079865,220.1327099,74.74620195,0.050386931,0.266530108,0.238668402,Discrimination,200,200,40,211.8410265,200,42.36820531,2.368205308,0.059205133
Y,382,240,200,50,200,15,128,50,200,Amp,200,3/28/2017,250.1385696,64.76700246,5.24E-11,3.20E-07,1.30E-10,242.8242425,38.86655627,0.000320394,0.002964981,0.002948389,262.1487594,92.62040852,0.044722754,0.326755479,0.291373929,Discrimination,240,200,48,250.1385696,200,50.02771392,2.027713919,0.04224404
Y,383,250,200,50,200,15,128,50,200,Amp,200,3/29/2017,250.1938548,98.37144313,1.77E-12,4.25E-05,9.03E-09,241.469603,55.08009096,0.000857466,0.002486979,0.001772074,262.0647468,126.3432728,0.066429834,0.293127087,0.18260611,Discrimination,250,200,50,250.1938548,200,50.03877097,0.038770968,0.000775419
Y,384,150,200,50,200,15,128,50,200,Amp,200,3/30/2017,163.3935504,36.52593227,0.02730179,5.51E-10,3.52E-10,156.4584269,21.35068689,0.009196352,0.002118085,0.003244453,170.9589217,76.39890363,0.101100979,0.235939911,0.335819711,Discrimination,150,200,30,163.3935504,200,32.67871008,2.678710083,0.089290336
Y,384,300,200,50,200,15,128,50,200,Amp,200,3/30/2017,302.4533801,213.7836057,1.44E-11,1.16E-07,1.00E-10,270.3819315,88.96482711,0.001944295,0.002699721,0.001859854,328.2597129,325.7523807,0.182027706,0.313306401,0.190519931,Discrimination,300,200,60,302.4533801,200,60.49067601,0.49067601,0.008177934
Y,388,150,200,50,200,15,128,50,200,Amp,200,4/3/2017,143.6387701,58.14846971,8.00E-13,0.059040859,7.39E-13,132.4668052,19.10079155,0.001348732,0.014668818,0.002283922,151.2845007,97.09935221,0.09694231,0.16916505,0.261046682,Discrimination,150,200,30,143.6387701,200,28.72775403,-1.272245972,-0.042408199
Y,388,220,200,50,200,15,128,50,200,Amp,200,4/3/2017,193.9550615,57.19874829,2.06E-12,0.086099855,4.86E-11,179.5328985,26.57696247,0.00045701,0.005627243,0.002332045,205.8241096,114.6642448,0.062971389,0.250865307,0.272624724,Discrimination,220,200,44,193.9550615,200,38.79101229,-5.208987705,-0.118386084
Y,390,150,200,50,200,15,128,50,200,Amp,200,4/5/2017,151.9292706,47.28575097,3.22E-08,2.78E-09,0.000146068,141.6562835,35.73840323,0.000627846,0.000296882,0.003793095,161.2129633,86.00970661,0.090564021,0.043645416,0.453682253,Discrimination,150,200,30,151.9292706,200,30.38585412,0.38585412,0.012861804
Y,390,210,200,50,200,15,128,50,200,Amp,200,4/5/2017,215.9926401,67.27758853,1.57E-05,4.71E-11,7.65E-11,208.5077353,42.09547746,0.00039581,0.002590264,0.001898125,225.9912189,95.36378512,0.044990309,0.301787085,0.211287058,Discrimination,210,200,42,215.9926401,200,43.19852801,1.198528012,0.028536381
Y,391,150,200,50,200,15,128,50,200,Amp,200,4/6/2017,157.7465446,101.0879536,2.14E-06,8.48E-13,6.24E-14,146.1552115,59.65394036,0.0007387,0.00294319,0.005665279,174.2110207,139.8516676,0.085544378,0.345799615,0.296548321,Discrimination,150,200,30,157.7465446,200,31.54930892,1.549308916,0.051643631
Y,395,200,200,50,200,15,128,50,200,Amp,200,4/10/2017,214.0363825,88.37298743,5.07E-08,4.48E-05,5.82E-05,202.4745282,50.52132916,0.000963397,0.002753394,0.002012418,228.2315521,132.3069144,0.105111781,0.312847268,0.216365823,Discrimination,200,200,40,214.0363825,200,42.8072765,2.807276499,0.070181912
Y,395,250,200,50,200,15,128,50,200,Amp,200,4/10/2017,267.7353936,166.7414961,7.06E-05,2.36E-11,3.54E-13,248.3427359,90.63734288,0.001721321,0.002499357,0.001692255,286.8144314,224.4029248,0.117703355,0.289923032,0.16809808,Discrimination,250,200,50,267.7353936,200,53.54707872,3.547078723,0.070941574
Y,398,110,200,50,200,15,128,50,200,Amp,200,4/13/2017,115.8758794,31.28041021,1.36E-11,5.12E-05,5.33E-09,106.8891175,17.72354974,0.000375546,0.002591989,0.002480293,122.805863,71.15212959,0.050534535,0.28859954,0.301543395,Discrimination,110,200,22,115.8758794,200,23.17517588,1.175175883,0.053417086
Y,398,200,200,50,200,15,128,50,200,Amp,200,4/13/2017,205.681594,64.84539836,0.014631559,6.39E-13,5.78E-13,194.9585508,34.81794984,0.001501459,0.002702232,0.002005828,216.8345439,112.2285117,0.076999495,0.322123024,0.222035446,Discrimination,200,200,40,205.681594,200,41.1363188,1.136318798,0.02840797
Y,399,110,200,50,200,15,64,50,200,Amp,200,4/14/2017,115.9311746,133.4369945,2.68E-12,6.94E-09,9.39E-13,88.42983721,78.51538554,0.000680272,0.002617989,0.002465376,134.9215348,242.7948642,0.086570113,0.313273084,0.274009742,Discrimination,110,200,22,115.9311746,200,23.18623492,1.186234918,0.053919769
Y,399,190,200,50,200,15,64,50,200,Amp,200,4/14/2017,211.5484594,99.36774895,0.039769278,1.57E-07,5.71E-05,179.6630937,38.30715661,0.010165383,0.002748225,0.002199196,233.2354009,268.3280478,0.117499901,0.300839584,0.244063404,Discrimination,190,200,38,211.5484594,200,42.30969188,4.309691884,0.113412944
Y,403,300,200,50,500,15,128,50,500,Amp,200,4/18/2017,348.3027312,58.71156454,0.141798533,5.62E-08,7.53E-05,314.3772833,30.02411683,0.002367215,0.001765828,0.00402064,405.0798579,543.3605566,0.194106779,0.217866592,0.346529103,Discrimination,300,200,60,348.3027312,200,69.66054624,9.660546241,0.161009104
Y,403,420,200,50,500,15,128,50,500,Amp,200,4/18/2017,534.0281443,385.425062,2.58E-11,5.43E-09,4.78E-07,460.7063427,112.8509587,0.002756995,0.003985761,0.002623725,622.0794758,532.3540337,0.306186424,0.340548981,0.285394737,Discrimination,420,200,84,534.0281443,200,106.8056289,22.80562886,0.271495582
Y,404,110,200,50,200,15,64,50,200,Amp,200,4/19/2017,122.9814983,62.20749525,2.04E-13,3.64E-05,3.73E-13,99.22919264,28.23545887,0.001222168,0.002457851,0.002309546,135.145863,162.3565221,0.143111856,0.289035355,0.264726177,Discrimination,110,200,22,122.9814983,200,24.59629967,2.596299668,0.118013621
Y,404,150,200,50,200,15,64,50,200,Amp,200,4/19/2017,163.9547751,21.81529908,7.83E-09,4.97E-11,9.34E-11,154.5407384,14.49377652,0.000781043,0.00190716,0.002578519,172.3309728,77.19170006,0.105318323,0.232853419,0.317156706,Discrimination,150,200,30,163.9547751,200,32.79095502,2.790955017,0.093031834
Y,404,180,200,50,200,15,64,50,200,Amp,200,4/19/2017,181.8598612,24.12755671,0.029985024,3.46E-10,7.11E-11,162.7098056,15.97839982,0.008774168,0.002542027,0.002423281,187.9166923,110.3803855,0.108659127,0.300589675,0.282007019,Discrimination,180,200,36,181.8598612,200,36.37197224,0.371972245,0.010332562
Y,404,200,200,50,200,15,64,50,200,Amp,200,4/19/2017,211.180266,80.9617752,1.22E-11,1.46E-05,8.38E-12,194.8047705,40.14163818,0.000857007,0.002968314,0.002915081,227.7914018,140.6267772,0.109303212,0.345800035,0.318253069,Discrimination,200,200,40,211.180266,200,42.23605321,2.236053205,0.05590133
Y,404,250,200,50,200,15,64,50,200,Amp,200,4/19/2017,265.9301853,69.3997873,1.50E-11,1.45E-11,1.46E-05,253.9777327,22.91539462,0.00114662,0.003322057,0.002360047,279.475432,118.1830666,0.118247323,0.313847244,0.266865526,Discrimination,250,200,50,265.9301853,200,53.18603705,3.18603705,0.063720741
Y,405,200,200,50,200,15,16,50,200,Amp,200,4/20/2017,209.7532752,197.3914014,5.29E-05,1.58E-11,6.24E-12,171.354166,71.13765159,0.002377906,0.00269159,0.002223036,237.888155,332.0257259,0.226748642,0.315784859,0.243625784,Discrimination,200,200,40,209.7532752,200,41.95065504,1.950655037,0.048766376
Y,405,250,200,50,200,15,16,50,200,Amp,200,4/20/2017,317.5891137,38.77462471,6.09E-13,0.23664591,3.75E-07,255.9537848,22.45646197,0.003215091,0.010090582,0.002600417,338.5480197,181.746818,0.373063454,0.392919137,0.30815198,Discrimination,250,200,50,317.5891137,200,63.51782274,13.51782274,0.270356455
Y,413,100,200,50,200,15,128,50,200,Amp,200,4/28/2017,116.5947886,19.17043917,1.54E-07,0.423347778,1.21E-12,2.746726891,16.47190576,0.001200685,0.008644302,0.005799173,126.8413493,343.8535243,0.206326912,0.484369571,0.472323358,Discrimination,100,200,20,116.5947886,200,23.31895772,3.318957724,0.165947886
Y,413,110,200,50,200,15,128,50,200,Amp,200,4/28/2017,124.8087227,15.7220485,0.019281391,0.492328007,2.22E-10,-25.80259949,22.58576311,0.001808835,0.004040566,0.19561004,128.1770283,426.4087736,0.178535386,0.476692499,0.556543868,Discrimination,110,200,22,124.8087227,200,24.96174453,2.961744532,0.134624751
Y,417,150,200,50,200,15,128,50,200,Amp,200,5/2/2017,148.8232222,73.12932283,1.55E-07,5.82E-05,5.17E-05,132.4949329,30.35758668,0.000720555,0.002590294,0.002395829,160.0245521,128.6299155,0.080487801,0.305937118,0.269295464,Discrimination,150,200,30,148.8232222,200,29.76464444,-0.235355558,-0.007845185
Y,417,200,200,50,200,15,128,50,200,Amp,200,5/2/2017,204.2646433,91.12738473,0.086256554,7.38E-13,4.95E-08,184.5451852,29.99367794,0.006044343,0.002906507,0.002216894,227.8003861,172.2258329,0.244303806,0.331035917,0.244989378,Discrimination,200,200,40,204.2646433,200,40.85292866,0.852928661,0.021323217
Y,424,300,200,50,200,15,128,50,200,Amp,200,5/9/2017,332.9217716,94.67928647,5.20E-08,0.359090891,6.65E-05,213.9161348,52.80190011,0.00135731,0.014557233,0.009597665,342.6611855,504.6337275,0.168520245,0.448517887,0.332113964,Discrimination,300,200,60,332.9217716,200,66.58435432,6.584354321,0.109739239
Y,425,200,200,50,200,15,128,50,200,Amp,200,5/10/2017,232.8244216,19.70746099,0.091299816,3.14E-11,2.82E-07,166.3203798,17.58813304,0.007083792,0.002491235,0.005618207,243.6156329,360.6706437,0.145160289,0.291523327,0.34887762,Discrimination,200,200,40,232.8244216,200,46.56488432,6.564884324,0.164122108
Y,430,130,200,50,200,15,64,50,200,Amp,200,5/15/2017,123.082493,93.93606501,1.79E-12,0.000289867,3.64E-11,84.38666991,41.45718783,0.000600632,0.003660763,0.002552202,140.9717378,201.7041093,0.07625268,0.347825005,0.288742709,Discrimination,130,200,26,123.082493,200,24.6164986,-1.383501398,-0.053211592
Y,431,150,200,50,200,15,64,50,200,Amp,200,5/16/2017,157.4372641,66.06830413,0.033925776,4.67E-07,1.89E-12,147.5664528,33.53834313,0.002276007,0.00234857,0.002058462,167.3313617,118.5449366,0.106379245,0.273907053,0.218175945,Discrimination,150,200,30,157.4372641,200,31.48745281,1.487452813,0.04958176
Y,460,200,200,50,200,15,32,50,200,Amp,200,6/14/2017,217.2436958,92.86685615,1.28E-12,2.04E-08,7.31E-11,197.9665979,44.29044167,0.001517459,0.002929007,0.002395505,235.5213211,158.5582898,0.172996007,0.329021639,0.269019525,Discrimination,200,200,40,217.2436958,200,43.44873915,3.448739153,0.086218479
Y,460,600,200,50,200,15,32,50,200,Amp,200,6/14/2017,639.7194518,151.5876868,2.51E-09,4.21E-09,2.51E-10,618.9744213,47.64445996,0.002244852,0.003365335,0.002052669,665.4505423,227.6156881,0.185748555,0.310040411,0.219614714,Discrimination,600,200,120,639.7194518,200,127.9438904,7.943890366,0.066199086
Y,461,200,200,50,200,15,16,50,200,Amp,200,6/15/2017,231.1204973,37.14559207,0.042919621,0.05111248,7.92E-13,223.0211239,16.71108835,0.006271137,0.004664912,0.002158853,238.8183298,81.64473341,0.16848187,0.200895906,0.242423535,Discrimination,200,200,40,231.1204973,200,46.22409946,6.22409946,0.155602486
Y,461,400,200,50,200,15,16,50,200,Amp,200,6/15/2017,449.74056,84.04291951,0.045637855,3.18E-12,5.58E-13,432.9840959,42.82864969,0.006912117,0.001568349,0.002305493,469.6493504,182.2296095,0.180015958,0.185886195,0.263057648,Discrimination,400,200,80,449.74056,200,89.948112,9.948112001,0.1243514
Y,462,200,200,50,200,15,32,50,200,Amp,200,6/16/2017,218.773839,59.78151813,0.072683092,7.34E-11,2.99E-11,209.6806463,23.29560604,0.00554313,0.002594502,0.002074709,231.9384722,124.75781,0.193793726,0.258033486,0.223034808,Discrimination,200,200,40,218.773839,200,43.75476779,3.754767794,0.093869195
Y,462,400,200,50,200,15,32,50,200,Amp,200,6/16/2017,427.4359193,107.4060056,5.51E-08,8.09E-07,8.10E-05,410.5108193,62.21064335,0.00061091,0.002253983,0.002289669,445.1654241,180.9371059,0.078008453,0.255952932,0.260716921,Discrimination,400,200,80,427.4359193,200,85.48718386,5.487183865,0.068589798
Y,465,200,200,50,200,15,32,50,200,Amp,200,6/19/2017,214.0098616,29.77442423,0.098770467,7.10E-07,6.65E-05,207.1975355,15.20407403,0.018208847,0.002530948,0.002747916,223.635121,100.6682716,0.191982016,0.222834698,0.31396289,Discrimination,200,200,40,214.0098616,200,42.80197231,2.801972311,0.070049308
Y,465,400,200,50,200,15,32,50,200,Amp,200,6/19/2017,428.5459586,70.05211343,0.05526903,3.90E-11,4.98E-09,413.6798538,35.51298169,0.014306639,0.002526532,0.002420536,446.3855373,167.4900283,0.152544526,0.244284898,0.274539332,Discrimination,400,200,80,428.5459586,200,85.70919173,5.709191727,0.071364897
Y,466,200,200,50,200,15,16,50,200,Amp,200,6/20/2017,218.8859332,35.52744546,0.040690212,0.026097095,1.54E-11,214.0673858,20.6403909,0.018255865,0.007960757,0.001961661,224.3137408,63.04802339,0.084916412,0.077310522,0.19818475,Discrimination,200,200,40,218.8859332,200,43.77718665,3.777186646,0.094429666
Y,467,200,200,50,200,15,32,50,200,Amp,200,6/21/2017,209.4460642,33.0636732,0.037336132,1.98E-06,1.19E-11,200.9665333,18.23986358,0.0112151,0.002393999,0.002703403,216.5823401,75.57790558,0.111990076,0.259920004,0.300819762,Discrimination,200,200,40,209.4460642,200,41.88921284,1.889212844,0.047230321
Y,467,400,200,50,200,15,32,50,200,Amp,200,6/21/2017,408.2023703,123.0250501,0.083462462,2.35E-13,5.41E-06,377.3250751,62.62035346,0.006213331,0.002615941,0.00187677,434.1651223,307.6814239,0.168065482,0.307154166,0.195152112,Discrimination,400,200,80,408.2023703,200,81.64047405,1.640474053,0.020505926
Y,468,200,200,50,200,15,16,50,200,Amp,200,6/22/2017,225.078903,59.94151475,2.27E-08,5.91E-06,7.33E-05,216.7991384,25.5623884,0.000793712,0.002773724,0.003211096,237.9930651,96.37827156,0.107976114,0.270829614,0.34474842,Discrimination,200,200,40,225.078903,200,45.0157806,5.0157806,0.125394515
Y,468,400,200,50,200,15,16,50,200,Amp,200,6/22/2017,417.2145963,59.83946174,0.075841473,5.86E-10,1.22E-12,396.5686719,29.47965647,0.012123783,0.002835164,0.002463387,435.244855,227.5341141,0.159698015,0.273350307,0.280229088,Discrimination,400,200,80,417.2145963,200,83.44291926,3.442919265,0.043036491
Y,469,200,200,50,200,15,32,50,200,Amp,200,6/23/2017,205.7720412,19.64391121,0.033739662,1.86E-11,3.57E-06,196.5558346,13.42481008,0.009337956,0.002265963,0.002899412,211.1828326,72.99969482,0.101443826,0.250847007,0.338391447,Discrimination,200,200,40,205.7720412,200,41.15440824,1.154408236,0.028860206
Y,469,400,200,50,200,15,32,50,200,Amp,200,6/23/2017,416.4569249,168.5576926,0.12984609,1.58E-13,3.58E-13,385.3448684,70.16493859,0.006559189,0.002608706,0.001947149,459.2936887,342.0831902,0.257178896,0.299100397,0.203331718,Discrimination,400,200,80,416.4569249,200,83.29138497,3.291384973,0.041142312
Y,472,200,200,50,200,15,16,50,200,Amp,200,6/26/2017,220.3862229,20.16946791,0.017173476,0.047787597,2.50E-11,214.6017623,13.92756759,0.004462,0.004394926,0.002294623,225.4943683,54.64686354,0.091328294,0.196320105,0.272897684,Discrimination,200,200,40,220.3862229,200,44.07724459,4.077244586,0.101931115
Y,472,400,200,50,200,15,16,50,200,Amp,200,6/26/2017,415.5960423,84.81245526,0.057173347,1.29E-11,1.76E-11,387.223918,44.32092987,0.009745286,0.002421051,0.002370285,435.3128398,248.6980616,0.146008987,0.279643859,0.265660762,Discrimination,400,200,80,415.5960423,200,83.11920846,3.11920846,0.038990106
Y,473,200,200,50,200,15,32,50,200,Amp,200,6/27/2017,209.0561705,30.95998374,0.034776877,1.28E-08,1.35E-10,203.1376361,17.39828332,0.008967575,0.002257409,0.002249357,215.6781681,72.24363641,0.094676143,0.237342447,0.253270283,Discrimination,200,200,40,209.0561705,200,41.81123411,1.811234109,0.045280853
Y,473,400,200,50,200,15,32,50,200,Amp,200,6/27/2017,423.590286,64.92466747,0.086266884,2.94E-12,6.18E-08,406.297936,38.13937806,0.003747692,0.002061154,0.002450488,448.7637308,235.5876756,0.170647609,0.235061694,0.272848332,Discrimination,400,200,80,423.590286,200,84.7180572,4.718057204,0.058975715
Y,474,200,200,50,200,15,16,50,200,Amp,200,6/28/2017,219.7539997,22.50414695,1.36E-10,0.042519852,0.000354091,213.8963116,15.07340144,0.000534525,0.004126414,0.002398144,224.6675176,49.43614235,0.069530906,0.197891721,0.286835814,Discrimination,200,200,40,219.7539997,200,43.95079993,3.95079993,0.098769998
Y,474,400,200,50,200,15,16,50,200,Amp,200,6/28/2017,430.7309574,81.67334803,0.052941257,5.15E-08,0.000166719,417.2340207,44.66064818,0.00445498,0.001983593,0.002373812,449.3672835,186.9646059,0.138656182,0.219795085,0.263462324,Discrimination,400,200,80,430.7309574,200,86.14619148,6.146191482,0.076827394
Y,474,600,200,50,200,15,16,50,200,Amp,200,6/28/2017,628.4018893,177.1094687,6.97E-13,4.45E-07,6.75E-12,574.1475817,65.52134163,0.000992409,0.003078069,0.002926057,673.1080672,407.6493129,0.126646764,0.332302801,0.345797372,Discrimination,600,200,120,628.4018893,200,125.6803779,5.680377851,0.047336482
Y,475,200,200,50,200,15,32,50,200,Amp,200,6/29/2017,219.356026,186.7871993,4.52E-14,2.52E-06,3.91E-07,179.3989364,87.99283927,0.000877358,0.002341146,0.005205233,241.0140517,323.2890823,0.113658393,0.280587557,0.393111843,Discrimination,200,200,40,219.356026,200,43.87120521,3.871205207,0.09678013
Y,475,400,200,50,200,15,32,50,200,Amp,200,6/29/2017,436.5087241,136.0471058,2.30E-05,1.15E-13,4.39E-12,417.9054491,46.49575067,0.001370827,0.002473459,0.00271778,454.4044784,203.2169306,0.125135353,0.245306907,0.286406476,Discrimination,400,200,80,436.5087241,200,87.30174483,7.301744826,0.09127181
Y,476,200,200,50,200,15,32,50,200,Amp,200,6/30/2017,210.6273415,59.46942318,0.059877728,5.59E-07,1.08E-13,197.8631277,20.1685046,0.006272122,0.002909434,0.002189685,223.7407877,134.2332156,0.164458066,0.308539981,0.239018484,Discrimination,200,200,40,210.6273415,200,42.12546829,2.125468292,0.053136707
Y,476,400,200,50,200,15,32,50,200,Amp,200,6/30/2017,473.7270692,71.89870681,2.83E-13,0.164737657,3.40E-12,442.6022175,38.74135995,0.000993576,0.009382113,0.002317361,488.223538,207.1429405,0.126372235,0.311071832,0.262467566,Discrimination,400,200,80,473.7270692,200,94.74541385,14.74541385,0.184317673
Y,476,600,200,50,200,15,32,50,200,Amp,200,6/30/2017,611.2494073,166.7017984,2.57E-09,3.85E-05,1.10E-11,558.8106162,82.07532406,0.000676762,0.002541151,0.00239412,641.1845114,361.9723825,0.085779844,0.301467263,0.27732515,Discrimination,600,200,120,611.2494073,200,122.2498815,2.249881451,0.018749012
Y,479,200,200,50,200,15,32,50,200,Amp,200,7/3/2017,207.0878367,95.33530526,6.70E-11,6.00E-10,3.31E-09,189.6064352,40.87405836,0.001633047,0.002810724,0.002230848,222.5206962,150.7072895,0.12904202,0.329658572,0.246748956,Discrimination,200,200,40,207.0878367,200,41.41756735,1.417567347,0.035439184
Y,480,200,200,50,200,15,16,50,200,Amp,200,7/4/2017,213.9628511,36.96718156,2.76E-10,6.92E-06,4.12E-09,203.4755994,17.34923663,0.000634062,0.002932625,0.002670785,223.6826147,86.08492881,0.087800039,0.283191357,0.324128583,Discrimination,200,200,40,213.9628511,200,42.79257022,2.792570215,0.069814255
Y,480,200,200,50,200,15,32,50,200,Amp,200,7/4/2017,203.42779,110.6232316,8.17E-07,1.96E-11,1.81E-12,182.3796721,30.15100352,0.002583909,0.002796012,0.002309979,220.9034383,166.6410719,0.195080353,0.324377808,0.257166659,Discrimination,200,200,40,203.42779,200,40.68555799,0.685557991,0.01713895
Y,480,400,200,50,200,15,16,50,200,Amp,200,7/4/2017,426.1964458,163.3671674,1.27E-12,2.14E-07,1.23E-12,395.401927,90.69589815,0.000991114,0.002650996,0.002373814,454.7993287,279.0120237,0.118644558,0.31221244,0.262774614,Discrimination,400,200,80,426.1964458,200,85.23928916,5.239289156,0.065491114
Y,480,600,200,50,200,15,16,50,200,Amp,200,7/4/2017,624.5143574,197.9276478,6.94E-07,4.93E-08,0.000108406,582.3401325,77.60895505,0.002960359,0.003091006,0.002274889,662.7781752,279.3533526,0.25557379,0.351705609,0.250846267,Discrimination,600,200,120,624.5143574,200,124.9028715,4.902871472,0.040857262
Y,481,200,200,50,200,15,32,50,200,Amp,200,7/5/2017,203.492015,26.6261659,0.039931238,8.96E-05,4.02E-12,185.8894906,16.34569239,0.009945462,0.002459579,0.002295333,210.5659255,115.7146499,0.123230979,0.289917809,0.264730015,Discrimination,200,200,40,203.492015,200,40.698403,0.698403002,0.017460075
Y,481,400,200,50,200,15,32,50,200,Amp,200,7/5/2017,427.7148217,203.1598062,1.31E-08,2.92E-11,1.23E-12,389.2080237,96.73851321,0.001820551,0.002643359,0.002119717,459.4408108,322.034971,0.179131946,0.307956849,0.228867798,Discrimination,400,200,80,427.7148217,200,85.54296434,5.54296434,0.069287054
Y,481,600,200,50,200,15,32,50,200,Amp,200,7/5/2017,599.3650595,204.0449644,0.000142578,1.96E-12,5.68E-13,570.6382873,65.12512686,0.002837412,0.002932905,0.002198919,626.9590407,268.9965778,0.174207625,0.33364869,0.235418512,Discrimination,600,200,120,599.3650595,200,119.8730119,-0.126988106,-0.001058234
Y,482,200,200,50,200,15,16,50,200,Amp,200,7/6/2017,231.0110247,39.37298251,2.61E-06,1.87E-12,7.45E-06,224.8353607,23.67311652,0.000915234,0.000908192,0.002487781,236.6007574,60.46279421,0.110487734,0.119144717,0.291992049,Discrimination,200,200,40,231.0110247,200,46.20220493,6.202204931,0.155055123
Y,482,400,200,50,200,15,16,50,200,Amp,200,7/6/2017,462.7561524,55.78066943,8.29E-12,0.115960796,7.54E-11,440.3746929,34.59945774,0.000747299,0.005937276,0.00255167,473.8383371,151.9611346,0.098268174,0.250049271,0.294927756,Discrimination,400,200,80,462.7561524,200,92.55123048,12.55123048,0.156890381
Y,482,600,200,50,200,15,16,50,200,Amp,200,7/6/2017,610.5022945,202.249707,0.033169701,8.74E-09,1.95E-14,581.3544828,79.6585022,0.004448831,0.00284039,0.001975166,640.6937961,275.7093812,0.218865655,0.324892031,0.204089754,Discrimination,600,200,120,610.5022945,200,122.1004589,2.100458893,0.017503824
Y,487,200,200,50,200,15,16,50,200,Amp,200,7/11/2017,223.4331294,18.29738544,0.041788227,6.54E-12,5.36E-06,218.7074563,12.87524845,0.012514559,0.000909463,0.0024612,229.3309488,44.63457948,0.14458883,0.12191517,0.296981704,Discrimination,200,200,40,223.4331294,200,44.68662589,4.68662589,0.117165647
Y,487,400,200,50,200,15,16,50,200,Amp,200,7/11/2017,471.4309232,40.30664529,0.040657321,0.318284048,3.54E-12,411.8730562,33.03589739,0.002606168,0.005827324,0.003082468,481.4145854,292.8731172,0.151319834,0.41222344,0.32176907,Discrimination,400,200,80,471.4309232,200,94.28618465,14.28618465,0.178577308
Y,488,200,200,50,200,15,32,50,200,Amp,200,7/12/2017,205.9150336,78.8560067,1.16E-05,2.88E-12,1.00E-06,188.8056053,20.82427098,0.001126131,0.002388241,0.003976188,216.9593327,136.2233063,0.125804633,0.284414373,0.369306505,Discrimination,200,200,40,205.9150336,200,41.18300672,1.183006725,0.029575168
Y,488,400,200,50,200,15,32,50,200,Amp,200,7/12/2017,430.056871,212.3585713,2.06E-07,2.34E-05,4.10E-12,392.5761353,98.28826947,0.001883715,0.002774769,0.003221976,463.4939127,323.5105606,0.178742861,0.318444283,0.315746563,Discrimination,400,200,80,430.056871,200,86.0113742,6.0113742,0.075142178
Y,493,200,200,50,200,15,32,50,200,Amp,200,7/17/2017,208.9605409,36.49600415,0.01750284,5.09E-07,5.97E-05,196.8437779,19.35388432,0.009452227,0.002508448,0.002475305,217.1854303,92.94396761,0.103003951,0.280550875,0.290881069,Discrimination,200,200,40,208.9605409,200,41.79210819,1.792108189,0.044802705
Y,493,400,200,50,200,15,32,50,200,Amp,200,7/17/2017,422.8788765,82.91414999,0.01661123,5.48E-12,1.23E-12,404.7638282,43.70702605,0.001655441,0.001942921,0.002823795,438.4065468,181.5046078,0.09848603,0.232390347,0.318865224,Discrimination,400,200,80,422.8788765,200,84.5757753,4.575775296,0.057197191
Y,493,600,200,50,200,15,32,50,200,Amp,200,7/17/2017,599.171339,146.2563654,0.026906292,9.61E-13,8.44E-13,568.8329369,59.89175106,0.003222019,0.002896511,0.00317074,626.9656093,256.0033734,0.165135194,0.334662985,0.347900919,Discrimination,600,200,120,599.171339,200,119.8342678,-0.165732203,-0.001381102
Y,494,200,200,50,200,15,16,50,200,Amp,200,7/18/2017,229.3429865,33.82782441,8.81E-10,0.058900412,2.18E-12,220.8700472,18.27600118,0.000784183,0.005133943,0.002267229,236.0960662,70.7567745,0.102885185,0.221666242,0.259787127,Discrimination,200,200,40,229.3429865,200,45.8685973,5.868597299,0.146714932
Y,494,400,200,50,200,15,16,50,200,Amp,200,7/18/2017,419.3944345,42.03656328,0.046147881,7.11E-07,3.05E-12,408.9960035,27.95064685,0.005293392,0.001939,0.002367434,434.356883,153.1176778,0.109177434,0.209268146,0.280780553,Discrimination,400,200,80,419.3944345,200,83.87888691,3.878886908,0.048486086
Y,494,600,200,50,200,15,16,50,200,Amp,200,7/18/2017,615.2249757,103.7624832,0.071570677,1.77E-10,2.45E-11,587.0717618,31.00513434,0.007904267,0.003265455,0.004134217,643.4088774,240.8851748,0.189201943,0.354416791,0.375055608,Discrimination,600,200,120,615.2249757,200,123.0449951,3.04499514,0.02537496
Y,495,200,200,50,200,15,32,50,200,Amp,200,7/19/2017,217.615636,57.66782991,0.026340144,1.00E-05,6.70E-13,208.0103693,22.95956401,0.00265439,0.002321101,0.00236203,227.6623246,106.7151222,0.149441848,0.236540116,0.264234785,Discrimination,200,200,40,217.615636,200,43.5231272,3.523127205,0.08807818
Y,495,400,200,50,200,15,32,50,200,Amp,200,7/19/2017,437.4351276,189.4754616,0.04231076,1.01E-13,1.73E-12,405.9871509,81.30720966,0.003665072,0.002741605,0.00296291,472.1816028,311.3128978,0.203677934,0.306144749,0.311761301,Discrimination,400,200,80,437.4351276,200,87.48702552,7.487025517,0.093587819
Y,496,200,200,50,200,15,16,50,200,Amp,200,7/20/2017,213.8259988,22.72514479,1.79E-11,2.73E-12,1.10E-06,207.351963,15.85533642,0.000575144,0.001663342,0.002657269,220.2153458,57.69091032,0.078303767,0.207959864,0.330219302,Discrimination,200,200,40,213.8259988,200,42.76519977,2.765199766,0.069129994
Y,496,400,200,50,200,15,16,50,200,Amp,200,7/20/2017,429.283913,144.787503,6.10E-10,1.44E-08,1.13E-10,412.0644084,63.96587,0.001148395,0.003068902,0.002107321,454.3833537,210.6667369,0.092200578,0.311922728,0.234216069,Discrimination,400,200,80,429.283913,200,85.8567826,5.856782598,0.073209782
Y,508,200,200,50,200,15,32,50,200,Amp,200,8/1/2017,224.8053038,25.26681491,5.39E-08,0.043966845,7.91E-05,217.7264774,16.36859133,0.000686966,0.005319664,0.002599814,231.2957958,62.3616525,0.093090588,0.216919717,0.314380947,Discrimination,200,200,40,224.8053038,200,44.96106076,4.961060756,0.124026519
Y,508,400,200,50,200,15,32,50,200,Amp,200,8/1/2017,421.3828528,120.3849003,3.82E-07,5.78E-10,8.46E-13,404.3143676,65.65791611,0.000477325,0.002739872,0.002964583,443.2549081,189.7572062,0.062168575,0.305473301,0.312755022,Discrimination,400,200,80,421.3828528,200,84.27657056,4.27657056,0.053457132
Y,509,200,200,50,200,15,16,50,200,Amp,200,8/2/2017,214.7322603,31.61246447,1.65E-12,4.25E-07,2.57E-12,208.3349035,15.50433917,0.000597366,0.003120622,0.002470921,223.320568,66.15929136,0.081438568,0.244561016,0.299761925,Discrimination,200,200,40,214.7322603,200,42.94645207,2.946452066,0.073661302
Y,509,400,200,50,200,15,16,50,200,Amp,200,8/2/2017,427.750314,116.6275205,4.51E-14,6.44E-13,5.89E-07,410.6852097,72.23700973,0.000506432,0.00232391,0.002975632,447.2565293,187.2094949,0.068393113,0.265644776,0.312464223,Discrimination,400,200,80,427.750314,200,85.5500628,5.550062804,0.069375785
Y,509,600,200,50,200,15,16,50,200,Amp,200,8/2/2017,616.3703162,181.7134685,1.59E-11,0.020474802,5.25E-11,595.4991094,101.9511256,0.001497444,0.002781116,0.002048421,636.3639781,246.8964256,0.140040588,0.152539904,0.219069637,Discrimination,600,200,120,616.3703162,200,123.2740632,3.27406325,0.02728386
Y,510,200,200,50,200,15,32,50,200,Amp,200,8/3/2017,211.1495043,63.6303327,1.27E-05,2.48E-10,2.79E-13,199.5558037,20.65144492,0.001314941,0.002854997,0.002295383,221.3968138,105.5333547,0.096067642,0.301406048,0.260468359,Discrimination,200,200,40,211.1495043,200,42.22990087,2.229900865,0.055747522
Y,510,400,200,50,200,15,32,50,200,Amp,200,8/3/2017,423.1749118,86.26778551,0.030195824,2.45E-05,1.47E-12,398.9288372,43.5380994,0.002043138,0.002555185,0.003644105,444.1388574,216.9635799,0.110619032,0.287533684,0.376201291,Discrimination,400,200,80,423.1749118,200,84.63498237,4.634982368,0.05793728
Y,511,200,200,50,200,15,16,50,200,Amp,200,8/4/2017,222.0964761,47.65652899,0.025143336,4.26E-13,1.65E-05,213.4333242,23.58379506,0.0024513,0.001906462,0.002307073,232.6236488,98.26391294,0.14955018,0.220764906,0.265478278,Discrimination,200,200,40,222.0964761,200,44.41929522,4.419295217,0.11048238
Y,511,600,200,50,200,15,16,50,200,Amp,200,8/4/2017,718.6818815,79.64176639,1.15E-14,0.335149999,1.88E-14,615.1110711,39.67932427,0.00377734,0.020456294,0.002466369,744.5456383,293.1149799,0.425154203,0.414067398,0.259154016,Discrimination,600,200,120,718.6818815,200,143.7363763,23.7363763,0.197803136
Y,514,400,200,50,200,15,32,50,200,Amp,200,8/7/2017,423.4225415,104.9242987,0.095638277,8.97E-11,2.38E-11,401.5339059,49.37807059,0.011598419,0.002386953,0.001929608,447.3522923,263.1813268,0.191867227,0.264978189,0.2051829,Discrimination,400,200,80,423.4225415,200,84.68450831,4.684508306,0.058556354
Y,514,600,200,50,200,15,32,50,200,Amp,200,8/7/2017,625.1109403,154.3585326,1.49E-08,5.99E-09,6.54E-14,584.7537871,63.10671892,0.002052265,0.002964477,0.002238929,660.7116555,265.8509275,0.221375829,0.33741539,0.24953632,Discrimination,600,200,120,625.1109403,200,125.0221881,5.022188062,0.041851567
Y,515,200,200,50,200,15,16,50,200,Amp,200,8/8/2017,209.560382,72.99340654,1.35E-12,8.34E-11,3.06E-07,192.2729401,29.71312563,0.000839791,0.00302455,0.003175969,225.0707605,134.164494,0.102290515,0.347132659,0.355712871,Discrimination,200,200,40,209.560382,200,41.91207641,1.912076406,0.04780191
Y,516,200,200,50,200,15,32,50,200,Amp,200,8/9/2017,203.8747027,21.08067723,0.05599222,1.69E-09,3.01E-12,183.8734357,17.43442317,0.002419045,0.002461157,0.002276157,212.3515172,135.4306962,0.127344917,0.292431487,0.258706621,Discrimination,200,200,40,203.8747027,200,40.77494055,0.774940549,0.019373514
Y,516,400,200,50,200,15,32,50,200,Amp,200,8/9/2017,434.9395222,122.4469877,0.018305186,2.62E-11,1.11E-12,420.7804894,60.28486739,0.002901021,0.002964421,0.002256287,457.0038981,192.6859331,0.105317859,0.277600764,0.24496799,Discrimination,400,200,80,434.9395222,200,86.98790443,6.987904433,0.087348805
Y,516,600,200,50,200,15,32,50,200,Amp,200,8/9/2017,646.1114315,186.176481,1.60E-10,2.11E-10,3.57E-11,616.944218,87.15979368,0.00216739,0.002877421,0.002502145,677.727758,276.1610503,0.214879092,0.302582102,0.262195796,Discrimination,600,200,120,646.1114315,200,129.2222863,9.222286309,0.076852386
Y,517,200,200,50,200,15,16,50,200,Amp,200,8/10/2017,224.4445996,25.94156941,6.23E-13,0.049092587,2.85E-08,218.2010804,15.98770232,0.000563994,0.004949984,0.002322319,230.3243891,56.2331103,0.077172258,0.200453663,0.272859134,Discrimination,200,200,40,224.4445996,200,44.88891993,4.888919926,0.122222998
Y,517,400,200,50,200,15,16,50,200,Amp,200,8/10/2017,447.7266105,88.84488535,4.12E-06,8.97E-07,2.25E-09,429.7997978,43.01807457,0.001001485,0.002003502,0.002430924,467.6453619,173.8177546,0.127644778,0.220026585,0.283616844,Discrimination,400,200,80,447.7266105,200,89.54532211,9.545322108,0.119316526
Y,517,600,200,50,200,15,16,50,200,Amp,200,8/10/2017,637.8062457,140.896842,5.28E-05,3.49E-12,9.28E-13,618.1498173,61.69615811,0.002063073,0.00234052,0.002478357,656.3835637,209.7093323,0.181237439,0.252404723,0.264454246,Discrimination,600,200,120,637.8062457,200,127.5612491,7.561249135,0.063010409
Y,518,200,200,50,200,15,32,50,200,Amp,200,8/11/2017,216.9476699,72.74237103,3.42E-12,1.37E-06,6.87E-12,207.1399539,25.93917722,0.00185737,0.003002234,0.002275756,228.1207565,109.7556625,0.120497192,0.295191573,0.254381883,Discrimination,200,200,40,216.9476699,200,43.38953397,3.389533972,0.084738349
Y,518,400,200,50,200,15,32,50,200,Amp,200,8/11/2017,443.8275459,103.6168529,8.17E-08,1.90E-08,0.000143199,429.0163606,61.92088775,0.000690212,0.001607226,0.003299728,459.7941335,161.7646638,0.093051477,0.195564454,0.353194507,Discrimination,400,200,80,443.8275459,200,88.76550918,8.765509179,0.109568865
Y,521,200,200,50,200,15,16,50,200,Amp,200,8/14/2017,202.9889477,64.35296675,1.35E-11,2.42E-07,6.12E-10,187.5214881,37.55905583,0.000506463,0.002623498,0.002407657,213.8632143,120.0612503,0.068217119,0.312861688,0.275948809,Discrimination,200,200,40,202.9889477,200,40.59778954,0.597789537,0.014944738
Y,521,400,200,50,200,15,16,50,200,Amp,200,8/14/2017,422.0781013,173.3424951,1.20E-12,1.11E-07,1.38E-12,400.3043017,81.4243281,0.001053077,0.00295105,0.002068632,450.3000917,252.4529107,0.096095171,0.33559455,0.220556592,Discrimination,400,200,80,422.0781013,200,84.41562025,4.415620252,0.055195253
U,327,400,100,50,500,15,64,50,500,Width,400,5/17/2017,104.4871305,3.990171213,0.09576522,0.004952645,1.34E-10,0.088387054,18.86281873,0.027208091,0.001827443,0.071448658,119.4953162,608.6167067,0.168798108,0.259753747,0.546300784,Discrimination,400,100,40,400,104.4871305,41.79485219,1.794852186,0.044871305
U,328,400,100,50,500,15,64,50,500,Width,400,5/18/2017,101.7203815,5.104413865,0.042562225,9.21E-10,2.09E-09,97.92633843,5.376969093,0.016168334,0.001342755,0.004391383,103.2239647,37.69819436,0.115376065,0.187802679,0.443762355,Discrimination,400,100,40,400,101.7203815,40.68815259,0.688152591,0.017203815
U,329,400,100,50,500,15,64,50,500,Width,400,5/19/2017,101.9130545,5.036572024,0.04857089,0.00025996,4.85E-10,99.18128772,5.328283365,0.024271289,0.001237177,0.007019055,103.5474032,33.22774364,0.123535303,0.175615827,0.44262406,Discrimination,400,100,40,400,101.9130545,40.76522179,0.76522179,0.019130545
U,332,400,100,50,500,15,128,50,500,Width,400,5/22/2017,102.4467265,1.466702089,0.007890791,9.06E-06,0.004060034,101.6079343,2.064917985,0.00779695,0.000885497,0.011696409,103.0611638,5.568161623,0.066986461,0.130142754,0.619956244,Discrimination,400,100,40,400,102.4467265,40.97869062,0.978690617,0.024467265
U,332,400,150,50,500,15,128,50,500,Width,400,5/22/2017,217.3645128,126.5177765,9.22E-06,1.52E-06,3.26E-05,185.4093296,27.26957731,0.003379982,0.002714512,0.002474877,243.1099909,177.8720393,0.379616325,0.243725562,0.291322182,Discrimination,400,150,60,400,217.3645128,86.9458051,26.9458051,0.449096752
U,332,400,200,50,500,15,128,50,500,Width,400,5/22/2017,230.8196852,151.6304539,5.75E-13,4.33E-13,3.78E-07,198.6889647,58.78136128,0.004393727,0.003862416,0.002068979,263.0706581,184.9746949,0.355106269,0.366055024,0.216571238,Discrimination,400,200,80,400,230.8196852,92.32787407,12.32787407,0.154098426
U,333,400,120,50,500,15,64,50,500,Width,400,5/23/2017,147.3476561,25.61253114,0.066393682,0.093947,1.20E-10,139.3621765,12.29700537,0.004285321,0.004554881,0.002756189,154.8010031,88.59190476,0.172443596,0.21827379,0.314205841,Discrimination,400,120,48,400,147.3476561,58.93906243,10.93906243,0.227897134
U,333,400,155,50,500,15,64,50,500,Width,400,5/23/2017,210.7373801,110.0190403,4.83E-13,8.59E-12,1.72E-06,183.7166851,23.34843222,0.003752371,0.001511427,0.002894474,229.6697373,177.0906539,0.382393912,0.165209993,0.320210233,Discrimination,400,155,62,400,210.7373801,84.29495206,22.29495206,0.359596001
U,333,400,200,50,500,15,64,50,500,Width,400,5/23/2017,294.3361972,119.5294345,2.92E-12,1.43E-05,8.48E-12,265.3486907,49.07533096,0.003217645,0.000556152,0.00278892,339.4601739,259.9555175,0.306547401,0.075267722,0.332733764,Discrimination,400,200,80,400,294.3361972,117.7344789,37.73447887,0.471680986
U,333,600,100,50,500,15,64,50,500,Width,400,5/23/2017,234.2890057,112.5095823,9.37E-11,1.22E-10,1.44E-10,175.9500666,35.64384423,0.001201815,0.002095105,0.002497395,283.0723801,467.7173023,0.159542962,0.231544954,0.301928648,Discrimination,600,100,60,400,234.2890057,93.7156023,33.7156023,0.561926705
U,335,400,100,50,500,15,16,50,500,Width,400,5/25/2017,102.2799639,9.335603693,0.293063006,1.22E-07,0.000105738,93.17117679,8.279915351,0.024156984,0.002489606,0.002812964,119.3314518,88.2256575,0.38591469,0.305683471,0.307604704,Discrimination,400,100,40,400,102.2799639,40.91198556,0.911985561,0.022799639
U,335,400,150,50,500,15,128,50,500,Width,400,5/25/2017,181.8306798,7.050176015,0.213089682,0.134517926,3.05E-10,176.7813956,7.31617375,0.005108752,0.003663613,0.007676486,200.9226898,132.4882549,0.301228484,0.206660127,0.372371368,Discrimination,400,150,60,400,181.8306798,72.73227193,12.73227193,0.212204532
U,335,400,200,50,500,15,128,50,500,Width,400,5/25/2017,227.8960769,107.7415685,3.84E-09,2.27E-11,1.71E-05,200.5000533,29.88866779,0.002518162,0.003577709,0.002801995,257.0014027,171.8973496,0.27435267,0.331549468,0.341969409,Discrimination,400,200,80,400,227.8960769,91.15843077,11.15843077,0.139480385
U,336,400,100,50,500,8,128,50,500,Width,400,5/26/2017,204.4625124,52.87729592,5.05E-09,2.84E-06,3.27E-12,189.0064064,17.56693309,0.002494599,0.003737026,0.002526454,245.6829543,98.96137262,0.293513983,0.343947248,0.308961877,Discrimination,400,100,40,400,204.4625124,81.78500498,41.78500498,1.044625124
U,336,400,100,50,500,11,128,50,500,Width,400,5/26/2017,110.2088089,340.5661785,4.45E-06,2.82E-07,2.22E-13,-5.667997731,86.83614752,0.00141498,0.002793411,0.002417806,182.6985026,717.0384224,0.152892312,0.327979863,0.282503736,Discrimination,400,100,40,400,110.2088089,44.08352355,4.083523553,0.102088089
U,336,400,200,50,500,11,128,50,500,Width,400,5/26/2017,252.8675043,283.0326683,1.14E-10,1.89E-07,4.43E-13,213.4118536,116.423806,0.001156115,0.003176804,0.002895952,310.5004459,467.6485923,0.135650882,0.342808484,0.327957913,Discrimination,400,200,80,400,252.8675043,101.1470017,21.14700173,0.264337522
U,336,400,300,50,500,11,128,50,500,Width,400,5/26/2017,389.734985,315.505896,4.84E-11,5.18E-14,7.06E-07,345.4630835,158.8243183,0.002387122,0.002138598,0.006505566,424.4545621,438.2194323,0.219616122,0.236595389,0.354806367,Discrimination,400,300,120,400,389.734985,155.893994,35.89399401,0.299116617
U,340,400,100,50,500,11,16,50,500,Width,400,5/30/2017,102.9209589,5.901480042,2.74E-10,0.000287979,1.66E-14,91.82253553,3.221776002,0.001259096,0.002463446,0.002507357,106.9885719,65.94061151,0.164458731,0.295834518,0.303547434,Discrimination,400,100,40,400,102.9209589,41.16838356,1.168383559,0.029209589
U,340,400,150,50,500,4,64,50,500,Width,400,5/30/2017,197.9568697,81.40533593,6.18E-09,4.41E-12,4.82E-09,184.1460526,25.28150208,0.002517485,0.002496476,0.002206402,218.3454253,147.2176779,0.272230116,0.201476702,0.245511111,Discrimination,400,150,60,400,197.9568697,79.18274787,19.18274787,0.319712465
U,340,400,200,50,500,4,64,50,500,Width,400,5/30/2017,301.9757567,189.889633,1.11E-06,2.74E-07,4.54E-05,262.7524546,83.77974995,0.002960862,0.001560314,0.002425682,339.9801657,315.2587836,0.340071926,0.170177585,0.273299395,Discrimination,400,200,80,400,301.9757567,120.7903027,40.7903027,0.509878784
U,340,400,250,50,500,4,64,50,500,Width,400,5/30/2017,344.6563716,136.6745945,2.77E-10,6.52E-12,6.79E-07,321.5046309,59.0767466,0.001425809,0.001501451,0.002369201,371.2784973,238.7514697,0.163054051,0.169289932,0.276666824,Discrimination,400,250,100,400,344.6563716,137.8625487,37.86254865,0.378625487
U,341,400,100,50,500,15,64,50,500,Width,400,5/31/2017,102.8565393,1.894084136,0.059099598,9.07E-09,0.001273945,94.52901599,5.859984945,0.011963515,0.001618087,0.003163883,104.9214509,64.90794091,0.144157445,0.206167521,0.459325369,Discrimination,400,100,40,400,102.8565393,41.14261571,1.142615707,0.028565393
U,341,400,150,50,500,15,64,50,500,Width,400,5/31/2017,195.3860063,103.839403,2.83E-08,1.06E-13,6.26E-09,176.2897105,47.87122074,0.002805468,0.002157872,0.002506794,215.3941367,164.3798651,0.307654633,0.22452901,0.276162557,Discrimination,400,150,60,400,195.3860063,78.15440251,18.15440251,0.302573375
U,341,400,200,50,500,15,64,50,500,Width,400,5/31/2017,229.8326569,165.3925982,1.81E-12,1.69E-05,3.43E-14,195.1577307,49.64297573,0.00153061,0.002829991,0.007000717,258.0060937,283.8055066,0.152206251,0.300100444,0.431818869,Discrimination,400,200,80,400,229.8326569,91.93306275,11.93306275,0.149163284
U,341,400,250,50,500,15,64,50,500,Width,400,5/31/2017,318.0319132,172.3708046,6.44E-12,4.22E-12,8.81E-06,274.0266101,68.74798812,0.001921897,0.002047983,0.002408442,354.3082592,368.9168026,0.181284432,0.242637364,0.280460399,Discrimination,400,250,100,400,318.0319132,127.2127653,27.21276526,0.272127653
U,342,400,100,50,500,15,64,50,500,Width,400,6/1/2017,102.0582322,9.747092633,0.298449444,3.21E-10,1.54E-10,92.3938746,10.34395441,0.013744364,0.002860096,0.002341477,124.9702188,90.77003248,0.394707383,0.344174454,0.257869182,Discrimination,400,100,40,400,102.0582322,40.82329287,0.823292874,0.020582322
U,342,400,150,50,500,15,64,50,500,Width,400,6/1/2017,201.3902227,120.3366318,1.51E-05,1.54E-11,3.48E-13,181.4157949,24.44859411,0.003592485,0.00378272,0.002688688,222.1704271,167.61348,0.36151022,0.220504544,0.285323785,Discrimination,400,150,60,400,201.3902227,80.5560891,20.5560891,0.342601485
U,342,400,200,50,500,15,64,50,500,Width,400,6/1/2017,290.6312449,235.3367207,3.73E-08,6.72E-11,7.83E-14,260.3151643,51.97762853,0.002718781,0.004652625,0.002469634,334.469022,330.4720238,0.282430794,0.273295249,0.263675869,Discrimination,400,200,80,400,290.6312449,116.252498,36.25249798,0.453156225
U,342,400,250,50,500,15,64,50,500,Width,400,6/1/2017,359.8726113,218.2394575,3.18E-13,7.11E-07,3.34E-08,325.7474474,61.50308187,0.001885454,0.003072711,0.002414614,408.7493108,395.0227052,0.209426223,0.248341183,0.277665579,Discrimination,400,250,100,400,359.8726113,143.9490445,43.94904451,0.439490445
U,343,400,100,50,500,15,16,50,500,Width,400,6/2/2017,102.9965879,3.202946314,0.104707936,0.069613801,6.85E-10,101.3380084,2.680701057,0.017734617,0.003222022,0.003439616,104.8965539,20.8124345,0.19380254,0.225149634,0.366763991,Discrimination,400,100,40,400,102.9965879,41.19863515,1.198635148,0.029965879
U,343,400,100,50,500,15,128,50,500,Width,400,6/2/2017,102.8685492,3.783718871,0.093381735,8.74E-10,1.20E-10,101.2505293,2.710419366,0.023642291,0.001582265,0.002337839,104.8171582,18.89133309,0.219066234,0.198613052,0.272861736,Discrimination,400,100,40,400,102.8685492,41.1474197,1.147419697,0.028685492
U,343,400,150,50,500,15,128,50,500,Width,400,6/2/2017,190.7526116,111.7259311,1.45E-07,8.12E-13,2.46E-08,167.8389973,33.56779005,0.003380428,0.003041867,0.00224233,214.0176788,170.2309796,0.319431229,0.270169338,0.247149139,Discrimination,400,150,60,400,190.7526116,76.30104463,16.30104463,0.271684077
U,343,400,200,50,500,15,128,50,500,Width,400,6/2/2017,263.0271731,211.2857027,3.57E-11,5.63E-07,1.22E-07,223.2267997,79.16721267,0.002612568,0.003082433,0.002201805,304.1283704,330.8526765,0.251625399,0.302703932,0.240736865,Discrimination,400,200,80,400,263.0271731,105.2108692,25.21086923,0.315135865
U,343,400,250,50,500,15,128,50,500,Width,400,6/2/2017,327.0830835,233.1261023,9.03E-13,1.18E-09,1.96E-09,279.7620027,80.3065011,0.002963858,0.002022125,0.003017283,360.8117361,396.2356534,0.204950455,0.240459429,0.345255586,Discrimination,400,250,100,400,327.0830835,130.8332334,30.83323342,0.308332334
U,346,400,100,50,500,15,16,50,500,Width,400,6/5/2017,103.2882085,3.538383733,0.092086244,3.42E-08,6.94E-05,101.6577998,2.6668591,0.008093885,0.00144685,0.004389598,105.7588724,20.49719446,0.204679611,0.193609278,0.461067248,Discrimination,400,100,40,400,103.2882085,41.31528338,1.315283385,0.032882085
U,346,400,100,50,500,15,128,50,500,Width,400,6/5/2017,107.5841684,29.49824864,7.45E-05,5.56E-10,4.07E-11,98.66548388,4.636177854,0.007287039,0.00303383,0.003076591,114.1958782,36.5870205,0.427017627,0.335126734,0.351065102,Discrimination,400,100,40,400,107.5841684,43.03366735,3.033667354,0.075841684
U,346,400,150,50,500,15,16,50,500,Width,400,6/5/2017,190.261133,147.5257671,8.56E-08,3.64E-05,5.76E-12,152.2408651,39.53939494,0.004910071,0.004020263,0.002689501,225.2786884,184.1690393,0.39943895,0.342333424,0.299623293,Discrimination,400,150,60,400,190.261133,76.10445319,16.10445319,0.268407553
U,346,400,200,50,500,15,16,50,500,Width,400,6/5/2017,217.4957501,198.3747171,6.27E-05,1.87E-07,3.36E-05,172.4525179,66.95490945,0.002082045,0.002679094,0.002546675,251.1813312,327.0732823,0.188657933,0.315474833,0.293178257,Discrimination,400,200,80,400,217.4957501,86.99830004,6.99830004,0.08747875
U,346,400,250,50,500,15,16,50,500,Width,400,6/5/2017,276.7376815,55.57967929,0.125486503,3.58E-12,5.15E-07,249.5239416,44.46089639,0.008148047,0.001785497,0.002596431,324.1556076,392.9975868,0.214848556,0.229788141,0.300054979,Discrimination,400,250,100,400,276.7376815,110.6950726,10.69507259,0.106950726
U,347,400,100,50,500,15,16,50,500,Width,400,6/6/2017,102.378977,3.380981549,0.075764,5.66E-07,1.11E-11,101.1981145,2.565256,0.030420892,0.001395381,0.002594988,103.6224418,12.71225852,0.173703579,0.1819764,0.311744795,Discrimination,400,100,40,400,102.378977,40.95159079,0.951590791,0.02378977
U,347,400,150,50,500,15,16,50,500,Width,400,6/6/2017,194.7711916,79.40590365,2.85E-09,2.05E-06,6.39E-09,179.0726808,20.2998413,0.004299291,0.00199431,0.00256706,207.6403858,131.9157067,0.296844353,0.174344883,0.29558961,Discrimination,400,150,60,400,194.7711916,77.90847662,17.90847662,0.29847461
U,347,400,200,50,500,15,16,50,500,Width,400,6/6/2017,246.0750432,188.8368479,2.23E-07,1.90E-12,3.34E-13,209.2300578,82.95761872,0.001882915,0.00286812,0.002544341,283.1495819,314.6786302,0.197416217,0.310313012,0.284022363,Discrimination,400,200,80,400,246.0750432,98.43001728,18.43001728,0.230375216
U,347,400,250,50,500,15,16,50,500,Width,400,6/6/2017,306.5959977,304.0838793,2.56E-14,1.39E-13,2.97E-05,242.1580771,118.7499418,0.002796968,0.002754415,0.002127021,358.4227571,483.9258096,0.208876868,0.311154719,0.23211358,Discrimination,400,250,100,400,306.5959977,122.6383991,22.63839909,0.226383991
U,348,400,100,50,500,15,16,50,500,Width,400,6/7/2017,103.5329993,4.354470231,1.16E-08,3.84E-08,3.94E-08,102.0324375,2.567504883,0.001012968,0.001237868,0.003366523,104.7337412,10.63256966,0.097862553,0.166433585,0.44989165,Discrimination,400,100,40,400,103.5329993,41.41319972,1.413199725,0.035329993
U,348,400,100,50,500,15,128,50,500,Width,400,6/7/2017,100.3633417,7.481912128,0.296395585,4.75E-10,1.88E-11,91.63509373,7.989049585,0.00931078,0.003464146,0.005545615,127.2539033,73.79865566,0.404517927,0.41033293,0.482896694,Discrimination,400,100,40,400,100.3633417,40.14533668,0.145336678,0.003633417
U,348,400,150,50,500,15,16,50,500,Width,400,6/7/2017,189.9528823,17.79514865,0.248975838,0.05949838,8.11E-11,183.3455243,14.80524425,0.004417152,0.003674611,0.003666201,218.2048302,150.9701664,0.368613095,0.182772954,0.372086093,Discrimination,400,150,60,400,189.9528823,75.98115292,15.98115292,0.266352549
U,348,400,200,50,500,15,16,50,500,Width,400,6/7/2017,287.0395791,166.052329,3.02E-05,1.20E-08,2.82E-12,258.236839,55.37199064,0.002651807,0.002110949,0.002695415,318.8860798,284.6587883,0.269361447,0.20109052,0.307980176,Discrimination,400,200,80,400,287.0395791,114.8158316,34.81583163,0.435197895
U,348,400,250,50,500,15,16,50,500,Width,400,6/7/2017,341.7400975,178.8755895,4.55E-08,3.58E-12,2.79E-12,304.4416115,65.47088497,0.001300252,0.002113337,0.003609607,385.2637413,353.8524291,0.170105559,0.246537822,0.406292711,Discrimination,400,250,100,400,341.7400975,136.696039,36.69603902,0.36696039
U,349,400,100,50,500,15,16,50,500,Width,400,6/8/2017,103.0005531,3.222941599,6.50E-06,4.46E-09,0.000534936,101.8190457,2.472843228,0.000616657,0.001278485,0.003283521,104.2011353,8.57217342,0.08495665,0.169875332,0.448974837,Discrimination,400,100,40,400,103.0005531,41.20022124,1.200221241,0.030005531
U,349,400,150,50,500,15,16,50,500,Width,400,6/8/2017,144.9642339,70.56464544,0.133260302,8.12E-14,3.84E-12,128.9799774,19.85287863,0.010824464,0.003331779,0.002745149,196.6931519,153.1565997,0.344281223,0.377066693,0.343327752,Discrimination,400,150,60,400,144.9642339,57.98569357,-2.014306434,-0.033571774
U,349,600,150,50,500,15,16,50,500,Width,600,6/8/2017,182.9226908,17.2682933,0.068495328,0.105936557,1.33E-10,171.7791258,13.76262634,0.005542896,0.005943541,0.002723796,191.3485595,100.7716466,0.184350454,0.23992585,0.320620929,Discrimination,600,150,90,600,182.9226908,109.7536145,19.75361445,0.219484605
U,349,600,200,50,500,15,16,50,500,Width,600,6/8/2017,274.0932795,275.9004154,1.33E-11,3.33E-10,5.73E-08,215.3613179,101.2897783,0.003751918,0.002851834,0.003327127,325.006078,360.2646035,0.359436889,0.301822576,0.316001342,Discrimination,600,200,120,600,274.0932795,164.4559677,44.45596771,0.370466398
U,349,600,250,50,500,15,16,50,500,Width,600,6/8/2017,349.2270619,208.8772709,5.43E-14,1.86E-06,7.32E-12,298.1386532,61.6896258,0.003441642,0.00157415,0.002639068,383.033943,384.0453216,0.250390756,0.197200275,0.310971281,Discrimination,600,250,150,600,349.2270619,209.5362372,59.53623716,0.396908248
U,350,400,100,50,500,15,32,50,500,Width,400,6/9/2017,102.9809954,3.145037258,6.65E-10,0.092322891,0.000564609,100.1707987,2.573082924,0.000573015,0.004986235,0.004113415,104.0207884,15.14913037,0.079435727,0.279168767,0.501223739,Discrimination,400,100,40,400,102.9809954,41.19239816,1.192398161,0.029809954
U,350,400,150,50,500,15,32,50,500,Width,400,6/9/2017,196.2814951,58.35954357,5.25E-12,0.116799992,1.77E-07,178.5253203,18.30798994,0.003161506,0.007922041,0.003663917,207.5674207,142.761373,0.270188424,0.252088237,0.356114674,Discrimination,400,150,60,400,196.2814951,78.51259803,18.51259803,0.308543301
U,350,400,200,50,500,15,32,50,500,Width,400,6/9/2017,253.0571433,123.0429002,3.39E-11,1.67E-13,1.27E-05,232.8662536,54.19667332,0.001371517,0.002466591,0.002394282,274.6969139,208.818788,0.1525363,0.225598,0.273054494,Discrimination,400,200,80,400,253.0571433,101.2228573,21.22285733,0.265285717
U,350,400,250,50,500,15,32,50,500,Width,400,6/9/2017,315.1876399,92.76322251,0.184321489,1.77E-12,1.10E-14,282.1227613,54.19633281,0.007648661,0.001657737,0.002946042,391.3573058,456.0219871,0.325903609,0.213857432,0.349645735,Discrimination,400,250,100,400,315.1876399,126.0750559,26.07505595,0.260750559
U,354,400,100,50,500,15,32,50,500,Width,400,6/13/2017,103.0005879,3.222123031,2.05E-05,2.31E-09,0.000449372,101.8175179,2.473100748,0.00059748,0.001279347,0.003296041,104.2082127,8.655801812,0.083176917,0.169989496,0.450617844,Discrimination,400,100,40,400,103.0005879,41.20023517,1.200235173,0.030005879
U,354,400,150,50,500,15,32,50,500,Width,400,6/13/2017,194.9484087,83.91564352,3.71E-05,4.00E-13,7.11E-08,176.9676052,24.47019803,0.003488608,0.001766159,0.002299097,210.2088627,146.0139132,0.31728801,0.181016109,0.258981343,Discrimination,400,150,60,400,194.9484087,77.97936346,17.97936346,0.299656058
U,354,400,200,50,500,15,32,50,500,Width,400,6/13/2017,248.3660829,132.2621085,0.093255337,6.60E-14,1.72E-12,226.0244982,56.30531916,0.004757824,0.002002807,0.00452187,280.2116879,275.6581482,0.249217905,0.217657479,0.375782892,Discrimination,400,200,80,400,248.3660829,99.34643317,19.34643317,0.241830415
U,354,400,250,50,500,15,32,50,500,Width,400,6/13/2017,315.2279775,147.4474759,0.072601979,1.66E-07,3.85E-11,287.170095,76.85147767,0.005940414,0.001765491,0.002280071,352.9293305,350.1046365,0.211531443,0.212050913,0.253066361,Discrimination,400,250,100,400,315.2279775,126.091191,26.09119101,0.26091191
U,635,300,200,50,200,15,128,50,200,Width,300,3/21/2018,276.3122071,275.5374474,0.039992397,3.06E-06,1.41E-15,212.3734683,100.8696377,0.011168359,0.003467817,0.002557369,347.2204658,642.417935,0.1209203,0.320047444,0.292349345,Discrimination,300,200,60,300,276.3122071,82.89366212,22.89366212,0.381561035
U,636,400,100,50,200,15,128,50,200,Width,400,3/22/2018,157.7282711,164.7280503,6.68E-09,1.27E-07,0.000185562,120.5086975,103.4110525,0.000352465,0.001965379,0.002774185,192.8470036,351.8369739,0.048091114,0.223525783,0.337661054,Discrimination,400,100,40,400,157.7282711,63.09130843,23.09130843,0.577282711
U,636,400,300,50,200,15,128,50,200,Width,400,3/22/2018,378.5821144,293.9721865,0.014732605,1.45E-13,8.47E-14,322.9366515,93.94062043,0.001972864,0.002001772,0.00298995,422.4094909,549.2209841,0.125374916,0.225772166,0.324263478,Discrimination,400,300,120,400,378.5821144,151.4328458,31.43284577,0.261940381
U,637,300,200,50,200,15,128,50,200,Width,300,3/23/2018,279.7666688,256.2201651,0.065148645,2.49E-15,6.26E-09,222.3655354,130.523214,0.006164066,0.002162068,0.002649925,341.6119997,667.7627542,0.169355446,0.246279595,0.29235958,Discrimination,300,200,60,300,279.7666688,83.93000063,23.93000063,0.398833344
U,689,300,200,50,200,15,240,50,200,Width,300,5/14/2018,303.2831267,283.7788355,0.028052044,1.37E-14,1.62E-05,254.9700254,129.5380002,0.006410496,0.002088018,0.002237011,351.8255751,528.1491313,0.139353906,0.220955845,0.248311129,Discrimination,300,200,60,300,303.2831267,90.98493801,30.98493801,0.516415633
U,689,500,200,50,200,15,240,50,200,Width,500,5/14/2018,290.2604688,213.3020623,4.62E-08,1.54E-07,0.000137561,251.9509139,93.91313168,0.001291686,0.001568464,0.002578231,324.9160733,410.9943206,0.151565331,0.195168344,0.298563859,Discrimination,500,200,100,500,290.2604688,145.1302344,45.13023442,0.451302344
U,691,400,50,50,200,15,240,50,200,Width,400,5/16/2018,86.74269206,235.5271057,5.97E-06,2.23E-13,0.213349203,32.00222321,55.19968569,0.000953297,0.001871045,0.046608678,117.7451893,477.9855793,0.104125334,0.238594051,0.456191778,Discrimination,400,50,20,400,86.74269206,34.69707682,14.69707682,0.734853841
U,691,400,150,50,200,15,240,50,200,Width,400,5/16/2018,241.93047,55.96978866,0.03935615,0.038463596,1.73E-12,218.4149331,38.48368105,0.002349589,0.006477062,0.002422719,273.4115112,248.58771,0.188127487,0.193838209,0.285792616,Discrimination,400,150,60,400,241.93047,96.77218801,36.77218801,0.6128698
U,691,400,250,50,200,15,240,50,200,Width,400,5/16/2018,311.9380271,193.9906901,1.36E-08,3.45E-08,9.41E-14,189.6092955,55.78131767,0.002314406,0.00225882,0.002532045,367.808104,560.085775,0.240698365,0.281331304,0.307260346,Discrimination,400,250,100,400,311.9380271,124.7752108,24.77521082,0.247752108
U,692,400,50,50,200,15,240,50,200,Width,400,5/17/2018,66.93810409,36.79129571,0.012159079,9.34E-10,0.000504524,10.94314151,39.50777564,0.002403182,0.001355591,0.00578306,87.37817781,334.8254585,0.060925683,0.202693455,0.590715858,Discrimination,400,50,20,400,66.93810409,26.77524164,6.775241638,0.338762082
U,692,400,150,50,200,15,240,50,200,Width,400,5/17/2018,219.3688525,157.1323048,3.96E-12,2.62E-14,3.48E-07,197.7205438,89.90874427,0.000830942,0.00210826,0.00242707,245.6895091,249.7520285,0.10883354,0.20884392,0.275585463,Discrimination,400,150,60,400,219.3688525,87.74754101,27.74754101,0.462459017
U,692,400,250,50,200,15,240,50,200,Width,400,5/17/2018,341.9268829,251.973383,5.77E-14,2.42E-06,1.12E-12,309.0565187,113.6658605,0.001642479,0.002959465,0.002366488,384.7010727,435.0368302,0.185960714,0.257150501,0.257537314,Discrimination,400,250,100,400,341.9268829,136.7707532,36.77075315,0.367707532
U,693,400,250,50,200,15,240,50,200,Width,400,5/18/2018,310.9819014,266.3871923,2.66E-12,1.29E-05,3.74E-07,281.4112718,148.5426034,0.001709566,0.002185004,0.002449294,342.8616024,368.4315346,0.146079264,0.24752679,0.243932126,Discrimination,400,250,100,400,310.9819014,124.3927606,24.39276057,0.243927606
U,693,600,50,50,200,15,240,50,200,Width,400,5/18/2018,99.48313008,181.1763347,2.65E-07,1.26E-07,8.89E-05,72.80230037,73.63771857,0.00123171,0.00166304,0.006988319,124.6237793,286.1752361,0.126284035,0.209142405,0.416609488,Discrimination,600,50,30,400,99.48313008,39.79325203,9.79325203,0.326441734
U,696,400,50,50,200,15,192,50,200,Width,400,5/21/2018,69.2983345,44.85091147,0.002823106,0.000966523,5.14E-12,49.38834941,38.2767045,0.006019546,0.001782345,0.004164657,87.53072138,160.9389107,0.02889918,0.201837384,0.473091387,Discrimination,400,50,20,400,69.2983345,27.7193338,7.719333802,0.38596669
U,697,400,50,50,200,15,48,50,200,Width,400,5/22/2018,62.3284622,10.6091321,0.027888265,7.50E-08,9.69E-14,40.00350747,16.21786515,0.009058916,0.001664025,0.003747532,80.44598077,181.6191829,0.069594473,0.220768331,0.377116258,Discrimination,400,50,20,400,62.3284622,24.93138488,4.93138488,0.246569244
U,698,400,50,50,200,15,192,50,200,Width,400,5/23/2018,62.29905443,29.79675874,0.059953622,2.04E-07,8.33E-05,47.54574255,25.77967382,0.010962339,0.001456284,0.003812507,79.27647985,191.5806598,0.132479287,0.201265888,0.421863973,Discrimination,400,50,20,400,62.29905443,24.91962177,4.919621773,0.245981089
U,698,400,50,50,200,15,240,50,200,Width,400,5/23/2018,66.41162649,38.90964653,0.009704738,1.16E-10,0.000782072,58.77318671,25.7972383,0.007390716,0.001346097,0.003379417,74.82798747,93.68004607,0.058645413,0.166820294,0.389154123,Discrimination,400,50,20,400,66.41162649,26.5646506,6.564650598,0.32823253
U,705,400,50,50,200,15,240,50,200,Width,400,5/30/2018,62.55520354,11.03903689,0.029365717,2.62E-12,2.32E-08,59.23249768,10.30263534,0.010566052,0.000829453,0.003520014,66.60590929,27.01515604,0.102719816,0.117358949,0.441352737,Discrimination,400,50,20,400,62.55520354,25.02208142,5.022081416,0.251104071
U,705,400,100,50,200,15,240,50,200,Width,400,5/30/2018,106.9563296,16.84126924,0.039878769,5.32E-08,4.32E-11,99.81028396,13.46409448,0.009973199,0.001569997,0.003554151,114.8395558,79.46278356,0.103913864,0.209609171,0.410450271,Discrimination,400,100,40,400,106.9563296,42.78253186,2.782531858,0.069563296
U,705,400,150,50,200,15,240,50,200,Width,400,5/30/2018,187.18285,74.54967451,7.34E-06,3.14E-08,1.16E-11,177.7866407,29.40049482,0.001707555,0.00235357,0.003123647,197.1821283,106.3647619,0.175665538,0.174291964,0.319945306,Discrimination,400,150,60,400,187.18285,74.87314,14.87314,0.247885667
U,706,400,100,50,200,15,240,50,200,Width,400,5/31/2018,110.7782682,45.67715308,1.83E-07,4.05E-12,8.09E-06,98.52435838,15.74440754,0.000865961,0.001700221,0.015036964,120.9748012,105.2193169,0.093594105,0.226468076,0.516646411,Discrimination,400,100,40,400,110.7782682,44.31130726,4.311307265,0.107782682
U,706,400,125,50,200,15,240,50,200,Width,400,5/31/2018,141.8718562,14.11842149,0.087963871,0.01794395,3.51E-10,138.3901358,13.4844567,0.002406163,0.002359684,0.042284456,157.0682684,89.66380204,0.151162016,0.180746699,0.528219277,Discrimination,400,125,50,400,141.8718562,56.74874247,6.748742467,0.134974849
U,706,400,150,50,200,15,240,50,200,Width,400,5/31/2018,188.1480782,9.93673187,0.099708712,9.06E-10,1.20E-08,181.0726236,8.740074791,0.005486746,0.001111651,0.002453172,210.8433022,112.0456217,0.288009035,0.148507452,0.292963103,Discrimination,400,150,60,400,188.1480782,75.25923128,15.25923128,0.254320521
U,711,400,50,50,200,15,64,50,200,Width,400,6/5/2018,64.54251833,15.48801871,0.110721768,2.81E-11,3.94E-06,60.60693293,13.80982333,0.013714282,0.001063472,0.004341276,77.44181609,97.05206456,0.197116152,0.149603333,0.434071471,Discrimination,400,50,20,400,64.54251833,25.81700733,5.817007333,0.290850367
U,711,400,100,50,200,15,64,50,200,Width,400,6/5/2018,102.3631281,81.99028862,6.68E-12,1.46E-08,9.13E-12,42.18766805,20.1272687,0.001729625,0.002292073,0.002653828,115.1938994,247.3467752,0.167596929,0.282780235,0.31911653,Discrimination,400,100,40,400,102.3631281,40.94525125,0.945251248,0.023631281
Y,385,150,200,50,200,15,128,10,200,Width,150,3/31/2017,394.4239172,246.0912098,0.23894375,5.57E-14,5.31E-06,260.8306679,189.0815496,0.017085747,0.003075844,0.001947848,572.9531741,1300.128154,0.297891817,0.349095675,0.198007322,Discrimination,150,200,30,150,394.4239172,59.16358758,29.16358758,0.972119586
Y,385,150,200,50,200,15,128,50,200,Width,150,3/31/2017,232.2241386,128.7627137,0.007519625,0.039808291,1.73E-12,213.9280193,59.81230017,0.005240116,0.007051377,0.002209666,249.3345944,211.5777805,0.049114601,0.133950604,0.246252283,Discrimination,150,200,30,150,232.2241386,34.83362079,4.833620795,0.161120693
Y,432,200,100,50,200,15,64,50,200,Width,200,5/17/2017,102.2890242,9.979732888,0.017132981,2.61E-05,1.14E-11,100.6460229,5.297015703,0.006643853,0.001569083,0.002642159,105.062483,19.5456657,0.047430391,0.239043529,0.293110473,Discrimination,200,100,20,200,102.2890242,20.45780485,0.457804846,0.022890242
Y,437,200,100,50,200,14,64,50,200,Width,200,5/22/2017,102.1419314,4.434978895,4.59E-06,0.111375128,1.01E-12,100.015926,2.803505509,0.000225545,0.004371224,0.003420857,103.6548048,13.47174897,0.030583768,0.29911865,0.419005425,Discrimination,200,100,20,200,102.1419314,20.42838629,0.428386289,0.021419314
Y,438,200,150,50,200,15,64,50,200,Width,200,5/23/2017,96.57302047,83.01995293,2.89E-07,2.48E-05,3.17E-05,67.12764789,17.95292619,0.002456795,0.002602015,0.002444204,117.4549768,163.6292984,0.227724455,0.311651929,0.288808276,Discrimination,200,150,30,200,96.57302047,19.31460409,-10.68539591,-0.356179864
Y,438,200,200,50,200,14,64,50,200,Width,200,5/23/2017,156.9911817,338.4796686,5.25E-06,1.26E-14,3.83E-11,78.00732709,95.99660445,0.002018239,0.003544324,0.013991831,244.453663,531.3939328,0.192560087,0.433134656,0.418562117,Discrimination,200,200,40,200,156.9911817,31.39823634,-8.601763659,-0.215044091
Y,438,200,200,50,200,15,64,50,200,Width,200,5/23/2017,104.6335869,202.356968,5.54E-12,2.76E-12,4.96E-12,64.08773377,15.85496291,0.001124314,0.003005067,0.003017141,160.4529231,368.1175044,0.120905508,0.351234149,0.369462433,Discrimination,200,200,40,200,104.6335869,20.92671738,-19.07328262,-0.476832065
Y,439,200,100,50,200,8,64,50,200,Width,200,5/24/2017,98.83056371,239.9103326,1.28E-14,6.26E-10,1.77E-06,75.82782615,139.2616525,0.001175992,0.002848218,0.005609988,128.8527237,324.2882045,0.119130107,0.324785095,0.262131627,Discrimination,200,100,20,200,98.83056371,19.76611274,-0.233887258,-0.011694363
Y,440,200,100,50,200,12,128,50,200,Width,200,5/25/2017,103.3022101,17.36030396,0.032282235,4.05E-10,0.000389547,85.18047919,14.02291371,0.001277944,0.002286959,0.002920336,111.870518,113.2768752,0.105391154,0.277615606,0.367879672,Discrimination,200,100,20,200,103.3022101,20.66044203,0.660442029,0.033022101
Y,440,200,150,50,200,12,128,50,200,Width,200,5/25/2017,184.9261604,5.994210976,0.166087311,0.145115647,5.23E-11,170.5810753,6.306830365,0.008193145,0.010321862,0.00415995,205.1480368,155.688465,0.306603099,0.292493737,0.413758721,Discrimination,200,150,30,200,184.9261604,36.98523208,6.985232079,0.232841069
Y,440,200,200,50,200,12,128,50,200,Width,200,5/25/2017,255.4192208,137.9853014,3.85E-07,6.78E-06,3.06E-13,226.4964404,36.35407581,0.003299563,0.003059758,0.00247447,279.4984298,251.4967186,0.211673577,0.239295077,0.292171315,Discrimination,200,200,40,200,255.4192208,51.08384417,11.08384417,0.277096104
Y,441,200,80,50,200,12,64,50,200,Width,200,5/26/2017,93.7662137,48.21363762,0.215493304,7.39E-07,1.20E-11,80.53362376,21.2800813,0.010538435,0.002588563,0.002269595,120.9881132,168.1443729,0.333041956,0.268272486,0.246568732,Discrimination,200,80,16,200,93.7662137,18.75324274,2.753242741,0.172077671
Y,441,200,200,50,200,12,64,50,200,Width,200,5/26/2017,251.3492846,329.7173185,3.95E-08,3.22E-06,9.33E-14,212.9835389,203.2984785,0.000604672,0.002625985,0.002145544,296.3251988,482.5251374,0.074175884,0.283903786,0.214232132,Discrimination,200,200,40,200,251.3492846,50.26985693,10.26985693,0.256746423
Y,441,200,300,50,200,12,64,50,200,Width,200,5/26/2017,346.2603174,258.2400197,6.13E-08,1.40E-13,1.67E-07,290.2305037,114.2207048,0.001522674,0.002521682,0.002503505,389.1992984,446.5822379,0.162097667,0.293042011,0.28255013,Discrimination,200,300,60,200,346.2603174,69.25206348,9.252063484,0.154201058
Y,445,200,100,50,200,15,32,50,200,Width,200,5/30/2017,122.2771805,1.99247422,4.97E-05,0.300861522,3.18E-10,101.615594,3.874002082,0.004033544,0.008991505,0.002394589,128.1898005,55.82441537,0.438998316,0.387384177,0.270268959,Discrimination,200,100,20,200,122.2771805,24.4554361,4.455436102,0.222771805
Y,445,200,100,50,200,15,64,50,200,Width,200,5/30/2017,103.3056097,26.10165657,2.89E-09,2.89E-10,9.92E-11,97.15513815,6.970907273,0.004459462,0.00296968,0.002246953,107.7147421,35.60141507,0.277266769,0.340715577,0.249164366,Discrimination,200,100,20,200,103.3056097,20.66112193,0.661121932,0.033056097
Y,445,200,200,50,200,15,64,50,200,Width,200,5/30/2017,204.0021015,285.8631347,0.114060108,4.13E-15,7.05E-06,164.8028731,92.25575918,0.007813145,0.003574302,0.001937345,279.0781424,373.4132032,0.313162274,0.389581577,0.201126937,Discrimination,200,200,40,200,204.0021015,40.80042031,0.800420308,0.020010508
Y,445,200,250,50,200,15,64,50,200,Width,200,5/30/2017,452.338307,231.5309834,4.21E-12,0.4070879,2.56E-13,204.2457656,101.8003506,0.004537238,0.009343927,0.002672729,494.1033813,567.0870399,0.405417893,0.474049495,0.276906892,Discrimination,200,250,50,200,452.338307,90.46766141,40.46766141,0.809353228
Y,446,200,100,50,200,15,32,50,200,Width,200,5/31/2017,106.3453181,47.71635388,9.86E-10,5.23E-08,2.37E-10,95.20722292,13.13197997,0.005274778,0.004310333,0.002824199,118.0504779,56.25011969,0.352487489,0.433635219,0.287324567,Discrimination,200,100,20,200,106.3453181,21.26906362,1.269063618,0.063453181
Y,446,200,100,50,200,15,64,50,200,Width,200,5/31/2017,100.6257886,10.97235452,0.12184642,5.05E-10,8.61E-11,93.94171846,6.237514306,0.013803303,0.002786762,0.002388222,105.1082389,49.60211263,0.238615203,0.323161534,0.270033017,Discrimination,200,100,20,200,100.6257886,20.12515772,0.125157716,0.006257886
Y,446,200,150,50,200,15,64,50,200,Width,200,5/31/2017,166.8836121,138.8724361,2.33E-05,4.41E-09,6.63E-13,137.1855314,29.11853693,0.006807051,0.002846242,0.002138406,185.7334529,177.7584155,0.301559926,0.324918655,0.229369352,Discrimination,200,150,30,200,166.8836121,33.37672243,3.376722427,0.112557414
Y,446,200,200,50,200,15,64,50,200,Width,200,5/31/2017,248.5450257,259.0463527,9.24E-07,3.37E-07,7.35E-05,188.2334181,92.54512215,0.002780584,0.003792262,0.002689973,312.2846142,359.9402061,0.28365361,0.383565262,0.308691531,Discrimination,200,200,40,200,248.5450257,49.70900515,9.709005146,0.242725129
Y,446,200,250,50,200,15,64,50,200,Width,200,5/31/2017,300.801315,396.0939128,9.40E-05,1.01E-13,4.26E-09,238.9916021,182.381052,0.003105952,0.00296797,0.00197585,358.8167591,522.9483496,0.220819668,0.332184217,0.205801853,Discrimination,200,250,50,200,300.801315,60.160263,10.160263,0.20320526
Y,447,200,100,50,200,15,32,50,200,Width,200,6/1/2017,127.568543,7.695326413,1.14E-10,0.31793988,2.48E-06,101.2995759,9.48121011,0.003691791,0.006795348,0.00284398,135.002773,74.50787707,0.421509467,0.397633256,0.312906887,Discrimination,200,100,20,200,127.568543,25.5137086,5.513708603,0.27568543
Y,447,200,150,50,200,15,32,50,200,Width,200,6/1/2017,144.8986573,77.22824494,0.271731384,3.08E-14,6.83E-12,128.5832979,24.85988965,0.008894765,0.003921059,0.002701,225.6640982,185.3149172,0.410190783,0.419608355,0.328180765,Discrimination,200,150,30,200,144.8986573,28.97973147,-1.020268535,-0.034008951
Y,447,200,150,50,200,15,64,50,200,Width,200,6/1/2017,201.3904025,146.0221268,3.68E-12,0.104310193,3.05E-12,160.3658515,49.33357993,0.003814518,0.007741648,0.002168406,230.5497757,186.0252656,0.380118137,0.37450973,0.230650932,Discrimination,200,150,30,200,201.3904025,40.27808049,10.27808049,0.342602683
Y,447,200,200,50,200,15,64,50,200,Width,200,6/1/2017,230.1396914,293.5063907,6.74E-08,5.42E-12,3.36E-11,166.8644838,66.78390054,0.005711117,0.003187616,0.002161294,280.1579993,366.1578187,0.311883103,0.365731163,0.232055824,Discrimination,200,200,40,200,230.1396914,46.02793827,6.027938274,0.150698457
Y,447,200,250,50,200,15,64,50,200,Width,200,6/1/2017,285.1871888,368.7013831,2.70E-14,7.21E-10,7.64E-06,214.8811578,133.2842375,0.003495604,0.002849337,0.002014396,340.5919543,515.8814419,0.219338549,0.327003376,0.214557749,Discrimination,200,250,50,200,285.1871888,57.03743775,7.037437751,0.140748755
Y,448,200,100,50,200,15,128,50,200,Width,200,6/2/2017,102.0179503,5.913353287,1.08E-07,5.97E-08,3.26E-05,97.06399008,5.075236231,0.00054251,0.001884721,0.003389684,104.3297295,28.5224498,0.075979109,0.242993615,0.461656313,Discrimination,200,100,20,200,102.0179503,20.40359006,0.403590064,0.020179503
Y,448,200,150,50,200,15,128,50,200,Width,200,6/2/2017,159.3476325,97.68126989,1.30E-06,3.05E-12,1.54E-06,136.0820082,21.34102787,0.001215342,0.00348346,0.004135408,186.4707016,165.6378013,0.15868915,0.412016994,0.429611595,Discrimination,200,150,30,200,159.3476325,31.86952651,1.86952651,0.06231755
Y,448,200,200,50,200,15,128,50,200,Width,200,6/2/2017,235.3149636,113.0776404,1.30E-05,3.23E-12,7.05E-10,212.8239619,44.22846584,0.001298179,0.002671221,0.003670359,255.164841,203.1836305,0.117943812,0.25619747,0.385652735,Discrimination,200,200,40,200,235.3149636,47.06299272,7.062992725,0.176574818
Y,448,200,250,50,200,15,128,50,200,Width,200,6/2/2017,301.8450942,259.2122009,3.76E-13,5.04E-14,1.21E-07,239.9177072,100.3470378,0.002078295,0.002752954,0.002282926,350.4507244,460.3476071,0.183257766,0.307288747,0.255736891,Discrimination,200,250,50,200,301.8450942,60.36901883,10.36901883,0.207380377
Y,451,200,100,50,200,15,128,50,200,Width,200,6/5/2017,101.8884235,6.337268222,6.28E-06,1.88E-06,0.000430532,97.02363212,5.026706921,0.000471365,0.001880977,0.003535893,104.036306,26.27302685,0.065269545,0.242708285,0.476641034,Discrimination,200,100,20,200,101.8884235,20.37768471,0.377684707,0.018884235
Y,451,200,150,50,200,15,128,50,200,Width,200,6/5/2017,187.3001673,18.55741614,3.54E-08,0.298819616,3.73E-12,157.7083127,14.39306333,0.000837668,0.006546295,0.00372861,192.3693156,130.7108384,0.117548989,0.409746192,0.391087115,Discrimination,200,150,30,200,187.3001673,37.46003345,7.460033453,0.248667782
Y,451,200,200,50,200,15,128,50,200,Width,200,6/5/2017,239.0217671,156.7099158,3.85E-12,4.20E-06,5.33E-12,213.7626646,74.24803538,0.001052017,0.002973684,0.002694823,269.5385781,259.4389709,0.126602035,0.313830839,0.295447267,Discrimination,200,200,40,200,239.0217671,47.80435343,7.804353427,0.195108836
Y,451,200,250,50,200,15,128,50,200,Width,200,6/5/2017,383.3410041,445.02835,1.27E-10,5.01E-06,2.21E-13,268.3567288,148.0706149,0.004305277,0.004385282,0.002138036,493.2190587,555.4066603,0.406655867,0.345099549,0.23156518,Discrimination,200,250,50,200,383.3410041,76.66820082,26.66820082,0.533364016
Y,452,200,100,50,200,15,16,50,200,Width,200,6/6/2017,113.7244877,5.530632457,1.09E-11,0.260922294,1.59E-07,105.4591106,4.640525127,0.003124586,0.011102721,0.002197419,117.7290671,36.63350403,0.364400063,0.352658777,0.239285164,Discrimination,200,100,20,200,113.7244877,22.74489753,2.74489753,0.137244877
Y,452,200,100,50,200,15,128,50,200,Width,200,6/6/2017,102.8517761,3.27305239,5.49E-06,0.085777012,0.00011125,100.9462338,2.542023967,0.000489105,0.004897709,0.003386722,103.8562572,11.65476541,0.068212341,0.260004217,0.431828749,Discrimination,200,100,20,200,102.8517761,20.57035523,0.570355228,0.028517761
Y,452,200,150,50,200,15,128,50,200,Width,200,6/6/2017,161.3909888,72.79576235,3.52E-05,5.24E-11,1.90E-10,141.544628,18.67803898,0.001759992,0.003148651,0.002726918,175.7996808,141.3923296,0.141732128,0.328331579,0.327609144,Discrimination,200,150,30,200,161.3909888,32.27819776,2.278197762,0.075939925
Y,452,200,250,50,200,15,128,50,200,Width,200,6/6/2017,277.8010056,147.3703323,7.40E-13,0.000105501,4.53E-14,232.7803778,79.99529109,0.000653265,0.002490551,0.00248131,307.7143992,327.4474029,0.08650184,0.292184274,0.289791294,Discrimination,200,250,50,200,277.8010056,55.56020112,5.560201124,0.111204022
Y,453,200,100,50,200,15,16,50,200,Width,200,6/7/2017,98.93239912,13.13359466,0.415306726,1.36E-11,1.87E-12,92.70155494,9.148235768,0.006975995,0.005933792,0.002407145,135.9921942,75.07247826,0.468090806,0.454588194,0.269165593,Discrimination,200,100,20,200,98.93239912,19.78647982,-0.213520176,-0.010676009
Y,453,200,100,50,200,15,128,50,200,Width,200,6/7/2017,132.7836413,7.754396119,4.32E-06,0.164443591,1.96E-11,122.2258619,6.965315457,0.003453197,0.009583153,0.002534359,139.0082299,70.79431519,0.379803527,0.246230955,0.282843237,Discrimination,200,100,20,200,132.7836413,26.55672827,6.556728266,0.327836413
Y,453,200,150,50,200,15,128,50,200,Width,200,6/7/2017,224.138023,74.33146518,9.44E-08,4.55E-14,7.16E-14,181.5155876,21.10135676,0.003106298,0.002176428,0.002586946,244.4530308,167.8586022,0.352232744,0.252033655,0.320884514,Discrimination,200,150,30,200,224.138023,44.8276046,14.8276046,0.494253487
Y,453,200,200,50,200,15,16,50,200,Width,200,6/7/2017,286.1192841,106.5955792,1.06E-12,0.048475323,8.83E-12,267.8465024,56.8509022,0.001370836,0.004289411,0.002092593,301.4236008,186.5481999,0.164763772,0.183157198,0.229222991,Discrimination,200,200,40,200,286.1192841,57.22385682,17.22385682,0.43059642
Y,453,200,250,50,200,15,16,50,200,Width,200,6/7/2017,348.4577889,230.0090823,5.46E-15,1.27E-08,3.56E-06,313.2875892,74.28303029,0.002744557,0.002809982,0.002115574,384.2580479,359.1440462,0.195630265,0.234144603,0.231316486,Discrimination,200,250,50,200,348.4577889,69.69155778,19.69155778,0.393831156
Y,454,200,100,50,200,15,32,50,200,Width,200,6/8/2017,114.7182908,59.37344167,3.42E-11,5.41E-12,4.77E-07,100.395651,14.38964373,0.003474278,0.005495517,0.002338191,131.5222653,74.012172,0.378339432,0.398797386,0.256824659,Discrimination,200,100,20,200,114.7182908,22.94365815,2.943658154,0.147182908
Y,454,200,100,50,200,15,64,50,200,Width,200,6/8/2017,101.1900779,7.759521267,0.118997815,1.96E-10,2.57E-09,92.43511247,5.962417869,0.01365372,0.002553277,0.002905454,105.1473686,63.545268,0.223733018,0.30212055,0.322844662,Discrimination,200,100,20,200,101.1900779,20.23801557,0.238015571,0.011900779
Y,454,200,150,50,200,15,64,50,200,Width,200,6/8/2017,165.7595424,66.1230043,0.147493957,2.93E-12,2.89E-05,146.320817,25.07827324,0.007905634,0.002889392,0.00326377,192.5758366,169.5375341,0.303495222,0.300097564,0.353727876,Discrimination,200,150,30,200,165.7595424,33.15190849,3.151908489,0.105063616
Y,454,200,200,50,200,15,64,50,200,Width,200,6/8/2017,277.4375533,284.1944986,8.67E-05,1.20E-10,3.96E-11,221.3821733,119.367473,0.003752403,0.003078069,0.002103345,328.0062491,362.3514205,0.356885064,0.298990451,0.220414723,Discrimination,200,200,40,200,277.4375533,55.48751066,15.48751066,0.387187766
Y,454,200,250,50,200,15,64,50,200,Width,200,6/8/2017,317.7912771,382.350064,0.00015559,3.96E-14,3.50E-10,232.235455,103.6191028,0.005553382,0.002798238,0.002124877,378.4490737,523.9959336,0.302156135,0.312763296,0.228721104,Discrimination,200,250,50,200,317.7912771,63.55825542,13.55825542,0.271165108
Y,455,200,100,50,200,15,32,50,200,Width,200,6/9/2017,127.9674562,7.972810969,1.72E-10,0.31535044,1.07E-11,99.76055173,9.410058664,0.003666629,0.009430242,0.002316684,135.9980692,74.26777252,0.418389525,0.415178893,0.258358757,Discrimination,200,100,20,200,127.9674562,25.59349123,5.593491233,0.279674562
Y,455,200,150,50,200,15,32,50,200,Width,200,6/9/2017,180.6102377,125.7878968,3.21E-12,1.09E-09,2.04E-07,149.9500461,29.89604763,0.005766115,0.002774658,0.002479424,201.0832684,173.9373434,0.327761253,0.297588885,0.280128099,Discrimination,200,150,30,200,180.6102377,36.12204755,6.12204755,0.204068252
Y,455,200,200,50,200,15,32,50,200,Width,200,6/9/2017,226.2954651,289.0347125,0.054761848,5.46E-13,1.03E-13,167.0835246,86.49669218,0.007801891,0.003465224,0.002229991,290.2892339,368.268148,0.331793023,0.377552734,0.241575661,Discrimination,200,200,40,200,226.2954651,45.25909303,5.259093026,0.131477326
Y,455,200,250,50,200,15,32,50,200,Width,200,6/9/2017,246.898347,352.9826411,1.46E-07,2.46E-13,1.65E-13,192.7920497,147.0108494,0.002121769,0.003023306,0.002137029,300.8658725,502.531672,0.157126072,0.343021308,0.230510726,Discrimination,200,250,50,200,246.898347,49.3796694,-0.620330598,-0.012406612
Y,459,200,100,50,200,15,64,50,200,Width,200,6/13/2017,104.8710964,59.78730913,2.55E-11,7.05E-11,1.51E-05,91.9737016,11.09558159,0.005290138,0.003392007,0.002516271,116.3828105,73.75186696,0.315519264,0.388805115,0.279977,Discrimination,200,100,20,200,104.8710964,20.97421929,0.974219286,0.048710964
Y,459,200,150,50,200,15,64,50,200,Width,200,6/13/2017,177.731388,144.4532361,3.01E-05,9.21E-07,1.48E-13,145.9969474,55.02195407,0.003910725,0.003950811,0.002016856,209.3989491,183.1871577,0.321906101,0.376648843,0.214631067,Discrimination,200,150,30,200,177.731388,35.54627759,5.546277592,0.18487592
Y,459,200,200,50,200,15,64,50,200,Width,200,6/13/2017,269.9680285,312.8385517,1.55E-07,1.23E-05,2.88E-08,176.207072,75.71843772,0.005990979,0.004327136,0.002212858,358.9618436,373.5056483,0.426295717,0.405200019,0.243683214,Discrimination,200,200,40,200,269.9680285,53.99360571,13.99360571,0.349840143
Y,459,200,250,50,200,15,64,50,200,Width,200,6/13/2017,241.9845344,322.8994421,0.132987836,2.55E-13,1.42E-12,186.6242704,110.6237642,0.010583133,0.003287168,0.002846839,341.2977733,542.2118764,0.287611709,0.367885293,0.312548555,Discrimination,200,250,50,200,241.9845344,48.39690689,-1.60309311,-0.032061862
